"territory_id","name","name_ko","level","review_status","review_reason","existing_values","newly_filled_values","changed_existing_values","first_added_year","filled_2025","retained_2025","population_source","population_confidence"
"696305e929eff1ac4e15ab21","Xizang","티벳","province","재검증 필요","기존 영토·인구 원천값 없음. 동일 곡선 189개 영토에 반복","0","40","0","-2700","3,000,000","","",""
"696305ec29eff1ac4e15ab24","Yunnan","운남","province","재검증 필요","기존 영토·인구 원천값 없음. 동일 곡선 189개 영토에 반복","0","40","0","-2700","3,000,000","","",""
"696305f229eff1ac4e15ab2a","Hainan","","province","재검증 필요","기존 영토·인구 원천값 없음. 동일 곡선 189개 영토에 반복","0","40","0","-2700","3,000,000","","",""
"696305f529eff1ac4e15ab2d","Shanghai","","city","기존값 유지","기존 연결값 유지. 새로 채운 21개 연도값은 근거 미확인","19","21","0","-2700","15,845,455","","기존 호구·인구 자료 연결",""
"696305f829eff1ac4e15ab31","Tianjin","","province","기존값 유지","기존 연결값 유지. 새로 채운 17개 연도값은 근거 미확인","23","17","0","-2700","8,845,455","","기존 호구·인구 자료 연결",""
"696305fa29eff1ac4e15ab34","Chongqing","충칭","province","재검증 필요","기존 영토·인구 원천값 없음. 동일 곡선 189개 영토에 반복","0","40","0","-2700","3,000,000","","",""
"696305fa29eff1ac4e15ab35","Guizhou","귀주","province","재검증 필요","기존 영토·인구 원천값 없음. 동일 곡선 189개 영토에 반복","0","40","0","-2700","3,000,000","","",""
"696305fc29eff1ac4e15ab37","Ningxia","녕하","country","재검증 필요","기존 영토·인구 원천값 없음. 동일 곡선 10개 영토에 반복","0","40","0","-2700","10,000,000","","",""
"6963060729eff1ac4e15ab42","Maga Buryatdan","","province","재검증 필요","기존 영토·인구 원천값 없음. 동일 곡선 189개 영토에 반복","0","40","0","-2700","3,000,000","","",""
"6963060929eff1ac4e15ab43","Sakha (Yakutia)","","province","재검증 필요","기존 영토·인구 원천값 없음. 동일 곡선 189개 영토에 반복","0","40","0","-2700","3,000,000","","",""
"6963061829eff1ac4e15ab47","Israel","","province","재검증 필요","기존 영토·인구 원천값 없음. 동일 곡선 189개 영토에 반복","0","40","0","-2700","3,000,000","","",""
"6963061829eff1ac4e15ab48","Syria","","province","재검증 필요","기존 영토·인구 원천값 없음. 동일 곡선 189개 영토에 반복","0","40","0","-2700","3,000,000","","",""
"6963061b29eff1ac4e15ab4b","Ukraine","","province","재검증 필요","기존 영토·인구 원천값 없음. 동일 곡선 189개 영토에 반복","0","40","0","-2700","3,000,000","","",""
"6963061d29eff1ac4e15ab4c","Uzbekistan","우즈베키스탄","province","재검증 필요","기존 영토·인구 원천값 없음. 동일 곡선 189개 영토에 반복","0","40","0","-2700","3,000,000","","",""
"6963061f29eff1ac4e15ab4f","Czechia","","province","재검증 필요","기존 영토·인구 원천값 없음. 동일 곡선 189개 영토에 반복","0","40","0","-2700","3,000,000","","",""
"6963062029eff1ac4e15ab50","Germany","","province","재검증 필요","기존 영토·인구 원천값 없음. 동일 곡선 189개 영토에 반복","0","40","0","-2700","3,000,000","","",""
"6963062229eff1ac4e15ab52","Cambodia","캄보디아","province","재검증 필요","기존 영토·인구 원천값 없음. 동일 곡선 189개 영토에 반복","0","40","0","-2700","3,000,000","","",""
"6963062329eff1ac4e15ab53","North Macedonia","","province","재검증 필요","기존 영토·인구 원천값 없음. 동일 곡선 189개 영토에 반복","0","40","0","-2700","3,000,000","","",""
"6963062429eff1ac4e15ab54","Turkey","","province","재검증 필요","기존 영토·인구 원천값 없음. 동일 곡선 189개 영토에 반복","0","40","0","-2700","3,000,000","","",""
"6963062629eff1ac4e15ab56","Romania","","province","재검증 필요","기존 영토·인구 원천값 없음. 동일 곡선 189개 영토에 반복","0","40","0","-2700","3,000,000","","",""
"6963062629eff1ac4e15ab57","Hungary","","province","재검증 필요","기존 영토·인구 원천값 없음. 동일 곡선 189개 영토에 반복","0","40","0","-2700","3,000,000","","",""
"6963062729eff1ac4e15ab58","Austria","","province","재검증 필요","기존 영토·인구 원천값 없음. 동일 곡선 189개 영토에 반복","0","40","0","-2700","3,000,000","","",""
"6963062829eff1ac4e15ab5a","Italy","","province","재검증 필요","기존 영토·인구 원천값 없음. 동일 곡선 189개 영토에 반복","0","40","0","-2700","3,000,000","","",""
"6963062a29eff1ac4e15ab5b","Switzerland","","province","재검증 필요","기존 영토·인구 원천값 없음. 동일 곡선 189개 영토에 반복","0","40","0","-2700","3,000,000","","",""
"6963062a29eff1ac4e15ab5c","Iran","","province","재검증 필요","기존 영토·인구 원천값 없음. 동일 곡선 189개 영토에 반복","0","40","0","-2700","3,000,000","","",""
"6963062b29eff1ac4e15ab5d","Republic of Serbia","","province","재검증 필요","기존 영토·인구 원천값 없음. 동일 곡선 189개 영토에 반복","0","40","0","-2700","3,000,000","","",""
"6963062d29eff1ac4e15ab5f","Bulgaria","","province","재검증 필요","기존 영토·인구 원천값 없음. 동일 곡선 189개 영토에 반복","0","40","0","-2700","3,000,000","","",""
"6963063229eff1ac4e15ab64","Hong Kong S.A.R.","","city","재검증 필요","기존 영토·인구 원천값 없음. 동일 곡선 259개 영토에 반복","0","40","0","-2700","1,000,000","","",""
"6963063329eff1ac4e15ab65","Philippines","필리핀","province","재검증 필요","기존 영토·인구 원천값 없음. 동일 곡선 189개 영토에 반복","0","40","0","-2700","3,000,000","","",""
"6963063629eff1ac4e15ab66","Taiwan","","province","재검증 필요","기존 영토·인구 원천값 없음. 동일 곡선 189개 영토에 반복","0","40","0","-2700","3,000,000","","",""
"6963063929eff1ac4e15ab69","Guam","","city","재검증 필요","기존 영토·인구 원천값 없음. 동일 곡선 259개 영토에 반복","0","40","0","-2700","1,000,000","","",""
"69702eab19d896426e48f5eb","Jinan","제남","city","기존값 유지","기존 연결값 유지. 새로 채운 12개 연도값은 근거 미확인","28","12","0","-2700","5,854,545","","기존 호구·인구 자료 연결",""
"6978333533e6ea6b49991d71","Qingzhou","청주","city","재검증 필요","기존 영토·인구 원천값 없음. 동일 곡선 259개 영토에 반복","0","40","0","-2700","1,000,000","","",""
"697833f133e6ea6b49991d72","Zhangjiakou","장가구","city","재검증 필요","기존 영토·인구 원천값 없음. 동일 곡선 259개 영토에 반복","0","40","0","-2700","1,000,000","","",""
"69783cab33e6ea6b49991d75","Tengzhou","텅저우시","city","재검증 필요","기존 영토·인구 원천값 없음. 동일 곡선 259개 영토에 반복","0","40","0","-2700","1,000,000","","",""
"697847e933e6ea6b49991d78","Suining","쑤이닝현","city","재검증 필요","기존 영토·인구 원천값 없음. 동일 곡선 259개 영토에 반복","0","40","0","-2700","1,000,000","","",""
"6978489433e6ea6b49991d79","Zibo","치박","city","재검증 필요","기존 영토·인구 원천값 없음. 동일 곡선 259개 영토에 반복","0","40","0","-2700","1,000,000","","",""
"697849cd33e6ea6b49991d7a","Hengshui","헝수이시","city","재검증 필요","기존 영토·인구 원천값 없음. 동일 곡선 259개 영토에 반복","0","40","0","-2700","1,000,000","","",""
"69784ab933e6ea6b49991d7c","Baotou","바오터우시","province","기존값 유지","기존 연결값 유지. 새로 채운 14개 연도값은 근거 미확인","26","14","0","-2700","1,781,818","","기존 호구·인구 자료 연결",""
"69784bde33e6ea6b49991d7e","Dezhou","더저우시","city","기존값 유지","기존 연결값 유지. 새로 채운 12개 연도값은 근거 미확인","28","12","0","-2700","3,627,273","","기존 호구·인구 자료 연결",""
"69784cf933e6ea6b49991d7f","Xi'an","시안시","city","기존값 유지","기존 연결값 유지. 새로 채운 12개 연도값은 근거 미확인","28","12","0","-2700","8,272,727","","기존 호구·인구 자료 연결",""
"69787d24b92377c2f7ef379f","Tianshui","천수","city","재검증 필요","기존 영토·인구 원천값 없음. 동일 곡선 259개 영토에 반복","0","40","0","-2700","1,000,000","","",""
"69787d75b92377c2f7ef37a0","Pingliang","평량","city","재검증 필요","기존 영토·인구 원천값 없음. 동일 곡선 259개 영토에 반복","0","40","0","-2700","1,000,000","","",""
"69787e8fb92377c2f7ef37a2","Baiyin City","바이인시","city","재검증 필요","기존 영토·인구 원천값 없음. 동일 곡선 259개 영토에 반복","0","40","0","-2700","1,000,000","","",""
"69787eb2b92377c2f7ef37a3","Lanzhou","란저우시","city","기존값 유지","기존 연결값 유지. 새로 채운 12개 연도값은 근거 미확인","28","12","0","-2700","2,545,455","","기존 호구·인구 자료 연결",""
"69788294055c9be030819c58","Xining City","시닝시","city","기존값 유지","기존 연결값 유지. 새로 채운 14개 연도값은 근거 미확인","26","14","0","-2700","1,527,273","","기존 호구·인구 자료 연결",""
"6978832a055c9be030819c59","Dingxi City","정서","city","재검증 필요","기존 영토·인구 원천값 없음. 동일 곡선 259개 영토에 반복","0","40","0","-2700","1,000,000","","",""
"6978839d055c9be030819c5a","Haidong","하이둥시","city","재검증 필요","기존 영토·인구 원천값 없음. 동일 곡선 259개 영토에 반복","0","40","0","-2700","1,000,000","","",""
"697883d6055c9be030819c5b","Jiuquan","주취안시","city","기존값 유지","기존 연결값 유지. 새로 채운 12개 연도값은 근거 미확인","28","12","0","-2700","127,273","","기존 호구·인구 자료 연결",""
"69788478055c9be030819c5e","Aksu Prefecture","아크수지구","province","재검증 필요","기존 영토·인구 원천값 없음. 동일 곡선 189개 영토에 반복","0","40","0","-2700","3,000,000","","",""
"6978856d055c9be030819c60","Taiyuan City","타이위안시","city","기존값 유지","기존 연결값 유지. 새로 채운 12개 연도값은 근거 미확인","28","12","0","-2700","3,372,727","","기존 호구·인구 자료 연결",""
"6978859e055c9be030819c61","Jinzhong City","진중시","city","재검증 필요","기존 영토·인구 원천값 없음. 동일 곡선 259개 영토에 반복","0","40","0","-2700","1,000,000","","",""
"697885b3055c9be030819c62","Changzhi City","창즈시","city","재검증 필요","기존 영토·인구 원천값 없음. 동일 곡선 259개 영토에 반복","0","40","0","-2700","1,000,000","","",""
"697885d0055c9be030819c63","Jincheng City","진청시","city","재검증 필요","기존 영토·인구 원천값 없음. 동일 곡선 259개 영토에 반복","0","40","0","-2700","1,000,000","","",""
"69788604055c9be030819c64","Xingtai","싱타이시","city","재검증 필요","기존 영토·인구 원천값 없음. 동일 곡선 259개 영토에 반복","0","40","0","-2700","1,000,000","","",""
"69788625055c9be030819c65","Handan","한단시","city","기존값 유지","기존 연결값 유지. 새로 채운 12개 연도값은 근거 미확인","28","12","0","-2700","5,981,818","","기존 호구·인구 자료 연결",""
"6978864a055c9be030819c66","Jiyuan","지위안시","city","재검증 필요","기존 영토·인구 원천값 없음. 동일 곡선 259개 영토에 반복","0","40","0","-2700","1,000,000","","",""
"69788668055c9be030819c67","Luoyang","뤄양시","city","기존값 유지","기존 연결값 유지. 새로 채운 12개 연도값은 근거 미확인","28","12","0","-2700","4,581,818","","기존 호구·인구 자료 연결",""
"69788683055c9be030819c68","Sanmenxia","싼먼샤시","city","재검증 필요","기존 영토·인구 원천값 없음. 동일 곡선 259개 영토에 반복","0","40","0","-2700","1,000,000","","",""
"69788696055c9be030819c69","Yuncheng City","윈청시","city","재검증 필요","기존 영토·인구 원천값 없음. 동일 곡선 259개 영토에 반복","0","40","0","-2700","1,000,000","","",""
"697886b1055c9be030819c6a","Yan'an","옌안시","city","재검증 필요","기존 영토·인구 원천값 없음. 동일 곡선 259개 영토에 반복","0","40","0","-2700","1,000,000","","",""
"697886fb055c9be030819c6c","Shangqiu","상추시","city","기존값 유지","기존 연결값 유지. 새로 채운 12개 연도값은 근거 미확인","28","12","0","-2700","4,581,818","","기존 호구·인구 자료 연결",""
"69788720055c9be030819c6d","Zhengzhou","정저우시","city","기존값 유지","기존 연결값 유지. 새로 채운 12개 연도값은 근거 미확인","28","12","0","-2700","8,018,182","","기존 호구·인구 자료 연결",""
"6978875b055c9be030819c6e","Xuchang","쉬창시","city","재검증 필요","기존 영토·인구 원천값 없음. 동일 곡선 259개 영토에 반복","0","40","0","-2700","1,000,000","","",""
"6978877c055c9be030819c6f","Zhoukou","저우커우시","city","재검증 필요","기존 영토·인구 원천값 없음. 동일 곡선 259개 영토에 반복","0","40","0","-2700","1,000,000","","",""
"697887b6055c9be030819c70","Hefei","허페이시","city","기존값 유지","기존 연결값 유지. 새로 채운 14개 연도값은 근거 미확인","26","14","0","-2700","5,981,818","","기존 호구·인구 자료 연결",""
"69788805055c9be030819c71","Xilingol League","시린궈러맹","city","재검증 필요","기존 영토·인구 원천값 없음. 동일 곡선 259개 영토에 반복","0","40","0","-2700","1,000,000","","",""
"6978881b055c9be030819c72","Chifeng City","츠펑시","city","재검증 필요","기존 영토·인구 원천값 없음. 동일 곡선 259개 영토에 반복","0","40","0","-2700","1,000,000","","",""
"6978882f055c9be030819c73","Tongliao City","퉁랴오시","city","재검증 필요","기존 영토·인구 원천값 없음. 동일 곡선 259개 영토에 반복","0","40","0","-2700","1,000,000","","",""
"6978885f055c9be030819c74","Qiqihar City","치치하얼시","city","기존값 유지","기존 연결값 유지. 새로 채운 17개 연도값은 근거 미확인","23","17","0","-2700","3,563,636","","기존 호구·인구 자료 연결",""
"6978888b055c9be030819c75","Heihe City","헤이허시","city","재검증 필요","기존 영토·인구 원천값 없음. 동일 곡선 259개 영토에 반복","0","40","0","-2700","1,000,000","","",""
"697888ac055c9be030819c76","Töv","투브주","city","기존값 유지","기존 연결값 유지. 새로 채운 17개 연도값은 근거 미확인","23","17","0","-2700","954,545","","기존 호구·인구 자료 연결",""
"697888d1055c9be030819c77","Selenge","셀렝게주","province","재검증 필요","기존 영토·인구 원천값 없음. 동일 곡선 189개 영토에 반복","0","40","0","-2700","3,000,000","","",""
"69788910055c9be030819c78","Kaifeng","카이펑시","city","기존값 유지","기존 연결값 유지. 새로 채운 14개 연도값은 근거 미확인","26","14","0","-2700","3,436,364","","기존 호구·인구 자료 연결",""
"69788969055c9be030819c79","Xinyang","신양시","city","기존값 유지","기존 연결값 유지. 새로 채운 12개 연도값은 근거 미확인","28","12","0","-2700","4,200,000","","기존 호구·인구 자료 연결",""
"6978898c055c9be030819c7a","Xiangyang","샹양시","city","기존값 유지","기존 연결값 유지. 새로 채운 12개 연도값은 근거 미확인","28","12","0","-2700","3,627,273","","기존 호구·인구 자료 연결",""
"697889d3055c9be030819c7b","Zhumadian","주마뎬시","city","기존값 유지","기존 연결값 유지. 새로 채운 12개 연도값은 근거 미확인","28","12","0","-2700","4,581,818","","기존 호구·인구 자료 연결",""
"69788adf055c9be030819c7d","Yichang","이창시","city","기존값 유지","기존 연결값 유지. 새로 채운 12개 연도값은 근거 미확인","28","12","0","-2700","2,545,455","","기존 호구·인구 자료 연결",""
"69788ae4055c9be030819c7e","Jingzhou","징저우시","city","기존값 유지","기존 연결값 유지. 새로 채운 12개 연도값은 근거 미확인","28","12","0","-2700","3,627,273","","기존 호구·인구 자료 연결",""
"69788b12055c9be030819c7f","Yueyang","웨양시","city","기존값 유지","기존 연결값 유지. 새로 채운 12개 연도값은 근거 미확인","28","12","0","-2700","3,563,636","","기존 호구·인구 자료 연결",""
"69788b19055c9be030819c80","Changsha","창사시","city","기존값 유지","기존 연결값 유지. 새로 채운 12개 연도값은 근거 미확인","28","12","0","-2700","5,090,909","","기존 호구·인구 자료 연결",""
"69788b4b055c9be030819c81","Nanchang","난창시","city","기존값 유지","기존 연결값 유지. 새로 채운 12개 연도값은 근거 미확인","28","12","0","-2700","4,072,727","","기존 호구·인구 자료 연결",""
"69788dd2055c9be030819c82","Nanyang","난양시","city","재검증 필요","기존 영토·인구 원천값 없음. 동일 곡선 259개 영토에 반복","0","40","0","-2700","1,000,000","","",""
"69788e39055c9be030819c83","Suizhou","쑤이저우시","city","재검증 필요","기존 영토·인구 원천값 없음. 동일 곡선 259개 영토에 반복","0","40","0","-2700","1,000,000","","",""
"69788ebb055c9be030819c84","Lüliang City","뤼량시","city","재검증 필요","기존 영토·인구 원천값 없음. 동일 곡선 259개 영토에 반복","0","40","0","-2700","1,000,000","","",""
"69788ee2055c9be030819c85","Linfen City","린펀시","city","재검증 필요","기존 영토·인구 원천값 없음. 동일 곡선 259개 영토에 반복","0","40","0","-2700","1,000,000","","",""
"69788fcd055c9be030819c86","Anqing","안칭시","city","재검증 필요","기존 영토·인구 원천값 없음. 동일 곡선 259개 영토에 반복","0","40","0","-2700","1,000,000","","",""
"69788fea055c9be030819c87","Nanjing City","난징시","city","기존값 유지","기존 연결값 유지. 새로 채운 12개 연도값은 근거 미확인","28","12","0","-2700","5,918,182","","기존 호구·인구 자료 연결",""
"69789003055c9be030819c88","Suzhou City","쑤저우시","city","기존값 유지","기존 연결값 유지. 새로 채운 12개 연도값은 근거 미확인","28","12","0","-2700","6,809,091","","기존 호구·인구 자료 연결",""
"6978983ac7175c536903dab9","Xianyang","셴양시","city","재검증 필요","기존 영토·인구 원천값 없음. 동일 곡선 259개 영토에 반복","0","40","0","-2700","1,000,000","","",""
"69789908c7175c536903daba","Hanzhong","한중시","city","기존값 유지","기존 연결값 유지. 새로 채운 12개 연도값은 근거 미확인","28","12","0","-2700","2,163,636","","기존 호구·인구 자료 연결",""
"6978aff2ca773aedf91ed952","Huanggang","황강시","city","재검증 필요","기존 영토·인구 원천값 없음. 동일 곡선 259개 영토에 반복","0","40","0","-2700","1,000,000","","",""
"6978b013ca773aedf91ed953","Lu'an","루안시","city","재검증 필요","기존 영토·인구 원천값 없음. 동일 곡선 259개 영토에 반복","0","40","0","-2700","1,000,000","","",""
"6978b07fca773aedf91ed954","Wuhan","우한시","city","기존값 유지","기존 연결값 유지. 새로 채운 12개 연도값은 근거 미확인","28","12","0","-2700","7,827,273","","기존 호구·인구 자료 연결",""
"6978b173ca773aedf91ed955","Jingmen","징먼시","city","재검증 필요","기존 영토·인구 원천값 없음. 동일 곡선 259개 영토에 반복","0","40","0","-2700","1,000,000","","",""
"6978b22aca773aedf91ed956","Pingdingshan","핑딩산시","city","재검증 필요","기존 영토·인구 원천값 없음. 동일 곡선 259개 영토에 반복","0","40","0","-2700","1,000,000","","",""
"6978b261ca773aedf91ed957","Luohe","뤄허시","city","기존값 유지","기존 연결값 유지. 새로 채운 12개 연도값은 근거 미확인","28","12","0","-2700","1,781,818","","기존 호구·인구 자료 연결",""
"6978bbf90cabfe742748fd60","Guilin","구이린시","city","기존값 유지","기존 연결값 유지. 새로 채운 12개 연도값은 근거 미확인","28","12","0","-2700","2,036,364","","기존 호구·인구 자료 연결",""
"6978bc120cabfe742748fd61","Yongzhou","융저우시","city","재검증 필요","기존 영토·인구 원천값 없음. 동일 곡선 259개 영토에 반복","0","40","0","-2700","1,000,000","","",""
"6978bc2e0cabfe742748fd62","Hengyang","헝양시","city","기존값 유지","기존 연결값 유지. 새로 채운 14개 연도값은 근거 미확인","26","14","0","-2700","5,090,909","","기존 호구·인구 자료 연결",""
"6978bc480cabfe742748fd63","Shaoguan City","사오관시","city","재검증 필요","기존 영토·인구 원천값 없음. 동일 곡선 259개 영토에 반복","0","40","0","-2700","1,000,000","","",""
"6978be332e85a8713b98dd63","Qingyang","칭양시","city","재검증 필요","기존 영토·인구 원천값 없음. 동일 곡선 259개 영토에 반복","0","40","0","-2700","1,000,000","","",""
"6978bebc2e85a8713b98dd64","Longnan","룽난시","city","재검증 필요","기존 영토·인구 원천값 없음. 동일 곡선 259개 영토에 반복","0","40","0","-2700","1,000,000","","",""
"6978d43f2e85a8713b98dd65","Qingdao","칭다오시","city","기존값 유지","기존 연결값 유지. 새로 채운 14개 연도값은 근거 미확인","26","14","0","-2700","5,981,818","","기존 호구·인구 자료 연결",""
"6978d4472e85a8713b98dd66","Yantai","옌타이시","city","재검증 필요","기존 영토·인구 원천값 없음. 동일 곡선 259개 영토에 반복","0","40","0","-2700","1,000,000","","",""
"6978d46d2e85a8713b98dd67","Weihai","웨이하이시","city","재검증 필요","기존 영토·인구 원천값 없음. 동일 곡선 259개 영토에 반복","0","40","0","-2700","1,000,000","","",""
"6978d4832e85a8713b98dd68","Binzhou","빈저우시","city","재검증 필요","기존 영토·인구 원천값 없음. 동일 곡선 259개 영토에 반복","0","40","0","-2700","1,000,000","","",""
"6978d4ad2e85a8713b98dd69","Shijiazhuang","스자좡시","city","기존값 유지","기존 연결값 유지. 새로 채운 12개 연도값은 근거 미확인","28","12","0","-2700","7,127,273","","기존 호구·인구 자료 연결",""
"6978d4d22e85a8713b98dd6b","Baoding City","바오딩시","city","기존값 유지","기존 연결값 유지. 새로 채운 14개 연도값은 근거 미확인","26","14","0","-2700","7,000,000","","기존 호구·인구 자료 연결",""
"6978d4ff2e85a8713b98dd6d","Tangshan","탕산시","city","재검증 필요","기존 영토·인구 원천값 없음. 동일 곡선 259개 영토에 반복","0","40","0","-2700","1,000,000","","",""
"6978d5382e85a8713b98dd6f","Shenyang City","선양시","city","기존값 유지","기존 연결값 유지. 새로 채운 14개 연도값은 근거 미확인","26","14","0","-2700","5,790,909","","기존 호구·인구 자료 연결",""
"6978d5662e85a8713b98dd70","Jilin City","지린시","city","기존값 유지","기존 연결값 유지. 새로 채운 17개 연도값은 근거 미확인","23","17","0","-2700","2,800,000","","기존 호구·인구 자료 연결",""
"6978d57b2e85a8713b98dd71","Harbin","하얼빈시","city","기존값 유지","기존 연결값 유지. 새로 채운 22개 연도값은 근거 미확인","18","22","0","-2700","6,936,364","","기존 호구·인구 자료 연결",""
"6978d5902e85a8713b98dd72","Daqing City","다칭시","city","재검증 필요","기존 영토·인구 원천값 없음. 동일 곡선 259개 영토에 반복","0","40","0","-2700","1,000,000","","",""
"6978d5b32e85a8713b98dd73","Yichun City","이춘시","city","원본 행 복원","채운 CSV에서 빠진 영토. 기존 값을 유지","0","0","0","","","","",""
"6978d5c42e85a8713b98dd74","Jiamusi City","자무쓰시","city","재검증 필요","기존 영토·인구 원천값 없음. 동일 곡선 259개 영토에 반복","0","40","0","-2700","1,000,000","","",""
"6978d5d12e85a8713b98dd75","Shuangyashan City","솽야산시","city","재검증 필요","기존 영토·인구 원천값 없음. 동일 곡선 259개 영토에 반복","0","40","0","-2700","1,000,000","","",""
"6978d5f42e85a8713b98dd76","Jixi","지시시","city","재검증 필요","기존 영토·인구 원천값 없음. 동일 곡선 259개 영토에 반복","0","40","0","-2700","1,000,000","","",""
"6978d6762e85a8713b98dd78","Dalian City","다롄시","city","기존값 유지","기존 연결값 유지. 새로 채운 14개 연도값은 근거 미확인","26","14","0","-2700","4,709,091","","기존 호구·인구 자료 연결",""
"6978d6c22e85a8713b98dd79","Tonghua City","퉁화시","city","기존값 유지","기존 연결값 유지. 새로 채운 13개 연도값은 근거 미확인","27","13","0","-2700","146,364","","기존 호구·인구 자료 연결",""
"6978d7b92e85a8713b98dd7a","Datong City","다퉁시","city","기존값 유지","기존 연결값 유지. 새로 채운 14개 연도값은 근거 미확인","26","14","0","-2700","2,163,636","","기존 호구·인구 자료 연결",""
"6978d7ce2e85a8713b98dd7b","Shuozhou City","숴저우시","city","재검증 필요","기존 영토·인구 원천값 없음. 동일 곡선 259개 영토에 반복","0","40","0","-2700","1,000,000","","",""
"6978d7f42e85a8713b98dd7c","Yulin","위린시","city","원본 행 복원","채운 CSV에서 빠진 영토. 기존 값을 유지","0","0","0","","","","",""
"6978d8242e85a8713b98dd7d","Xinzhou City","신저우시","city","재검증 필요","기존 영토·인구 원천값 없음. 동일 곡선 259개 영토에 반복","0","40","0","-2700","1,000,000","","",""
"6978f2d52e85a8713b98dd7e","Hulunbuir","후룬베이얼시","city","재검증 필요","기존 영토·인구 원천값 없음. 동일 곡선 259개 영토에 반복","0","40","0","-2700","1,000,000","","",""
"6978f3522e85a8713b98dd7f","Daxing'anling Prefecture","다싱안링지구","province","재검증 필요","기존 영토·인구 원천값 없음. 동일 곡선 189개 영토에 반복","0","40","0","-2700","3,000,000","","",""
"6978f4022e85a8713b98dd82","Bayannur City","바옌나오얼시","city","재검증 필요","기존 영토·인구 원천값 없음. 동일 곡선 259개 영토에 반복","0","40","0","-2700","1,000,000","","",""
"6978f4282e85a8713b98dd83","Ordos City","어얼둬쓰시","province","재검증 필요","기존 영토·인구 원천값 없음. 동일 곡선 189개 영토에 반복","0","40","0","-2700","3,000,000","","",""
"6978f4632e85a8713b98dd85","Ulanqab City","우란차부시","province","재검증 필요","기존 영토·인구 원천값 없음. 동일 곡선 189개 영토에 반복","0","40","0","-2700","3,000,000","","",""
"6978f4f62e85a8713b98dd86","Anyang","안양시","city","기존값 유지","기존 연결값 유지. 새로 채운 12개 연도값은 근거 미확인","28","12","0","-2700","3,500,000","","기존 호구·인구 자료 연결",""
"6978f51c2e85a8713b98dd87","Xinxiang","신샹시","city","재검증 필요","기존 영토·인구 원천값 없음. 동일 곡선 259개 영토에 반복","0","40","0","-2700","1,000,000","","",""
"6978f54a2e85a8713b98dd89","Tai'an","타이안시","city","재검증 필요","기존 영토·인구 원천값 없음. 동일 곡선 259개 영토에 반복","0","40","0","-2700","1,000,000","","",""
"6978f5722e85a8713b98dd8a","Linyi","린이시","city","기존값 유지","기존 연결값 유지. 새로 채운 12개 연도값은 근거 미확인","28","12","0","-2700","7,127,273","","기존 호구·인구 자료 연결",""
"6978f5772e85a8713b98dd8b","Rizhao","르자오시","city","재검증 필요","기존 영토·인구 원천값 없음. 동일 곡선 259개 영토에 반복","0","40","0","-2700","1,000,000","","",""
"6978f5952e85a8713b98dd8c","Lianyungang","롄윈강시","city","재검증 필요","기존 영토·인구 원천값 없음. 동일 곡선 259개 영토에 반복","0","40","0","-2700","1,000,000","","",""
"6978f6412e85a8713b98dd8f","Huaibei","화이베이시","city","재검증 필요","기존 영토·인구 원천값 없음. 동일 곡선 259개 영토에 반복","0","40","0","-2700","1,000,000","","",""
"6978f6612e85a8713b98dd90","Bengbu","벙부시","city","기존값 유지","기존 연결값 유지. 새로 채운 12개 연도값은 근거 미확인","28","12","0","-2700","2,163,636","","기존 호구·인구 자료 연결",""
"6978f6892e85a8713b98dd91","Huai'an","화이안시","city","기존값 유지","기존 연결값 유지. 새로 채운 12개 연도값은 근거 미확인","28","12","0","-2700","3,118,182","","기존 호구·인구 자료 연결",""
"6978f69f2e85a8713b98dd92","Yancheng City","옌청시","city","재검증 필요","기존 영토·인구 원천값 없음. 동일 곡선 259개 영토에 반복","0","40","0","-2700","1,000,000","","",""
"6978f6d02e85a8713b98dd93","Nantong","난퉁시","city","기존값 유지","기존 연결값 유지. 새로 채운 17개 연도값은 근거 미확인","23","17","0","-2700","4,645,455","","기존 호구·인구 자료 연결",""
"6978f6f72e85a8713b98dd95","Yangzhou City","양저우시","city","기존값 유지","기존 연결값 유지. 새로 채운 12개 연도값은 근거 미확인","28","12","0","-2700","2,927,273","","기존 호구·인구 자료 연결",""
"6978f7142e85a8713b98dd96","Chuzhou","추저우시","city","재검증 필요","기존 영토·인구 원천값 없음. 동일 곡선 259개 영토에 반복","0","40","0","-2700","1,000,000","","",""
"6978f72d2e85a8713b98dd97","Ma'anshan","마안산시","city","재검증 필요","기존 영토·인구 원천값 없음. 동일 곡선 259개 영토에 반복","0","40","0","-2700","1,000,000","","",""
"6978f7702e85a8713b98dd98","Zhenjiang","전장시","city","기존값 유지","기존 연결값 유지. 새로 채운 12개 연도값은 근거 미확인","28","12","0","-2700","2,036,364","","기존 호구·인구 자료 연결",""
"6978f7882e85a8713b98dd99","Changzhou","창저우시","city","재검증 필요","기존 영토·인구 원천값 없음. 동일 곡선 259개 영토에 반복","0","40","0","-2700","1,000,000","","",""
"6978f79e2e85a8713b98dd9a","Hangzhou City","항저우시","city","기존값 유지","기존 연결값 유지. 새로 채운 14개 연도값은 근거 미확인","26","14","0","-2700","7,763,636","","기존 호구·인구 자료 연결",""
"6978f7c02e85a8713b98dd9b","Shaoxing","사오싱시","city","기존값 유지","기존 연결값 유지. 새로 채운 12개 연도값은 근거 미확인","28","12","0","-2700","3,500,000","","기존 호구·인구 자료 연결",""
"6978f7e32e85a8713b98dd9c","Ningbo","닝보시","city","기존값 유지","기존 연결값 유지. 새로 채운 14개 연도값은 근거 미확인","26","14","0","-2700","5,981,818","","기존 호구·인구 자료 연결",""
"6978f7f62e85a8713b98dd9d","Taizhou","타이저우시","city","원본 행 복원","채운 CSV에서 빠진 영토. 기존 값을 유지","0","0","0","","","","",""
"6978f8312e85a8713b98dd9e","Fuzhou City","푸저우시","city","기존값 유지","기존 연결값 유지. 새로 채운 14개 연도값은 근거 미확인","26","14","0","-2700","5,281,818","","기존 호구·인구 자료 연결",""
"6978f84c2e85a8713b98dd9f","Wenzhou","원저우시","city","기존값 유지","기존 연결값 유지. 새로 채운 14개 연도값은 근거 미확인","26","14","0","-2700","5,918,182","","기존 호구·인구 자료 연결",""
"6978f8db2e85a8713b98dda0","Yichun","이춘시","city","재검증 필요","기존 영토·인구 원천값 없음. 동일 곡선 259개 영토에 반복","0","40","0","-2700","1,000,000","","",""
"6978f91b2e85a8713b98dda1","Jingdezhen","징더전시","city","재검증 필요","기존 영토·인구 원천값 없음. 동일 곡선 259개 영토에 반복","0","40","0","-2700","1,000,000","","",""
"6978f92f2e85a8713b98dda2","Huangshan","황산시","city","재검증 필요","기존 영토·인구 원천값 없음. 동일 곡선 259개 영토에 반복","0","40","0","-2700","1,000,000","","",""
"6978f9372e85a8713b98dda3","Jinhua","진화시","city","재검증 필요","기존 영토·인구 원천값 없음. 동일 곡선 259개 영토에 반복","0","40","0","-2700","1,000,000","","",""
"6978f9a72e85a8713b98dda4","Nanping City","난핑시","city","재검증 필요","기존 영토·인구 원천값 없음. 동일 곡선 259개 영토에 반복","0","40","0","-2700","1,000,000","","",""
"6978f9ca2e85a8713b98dda6","Liaocheng","랴오청시","city","재검증 필요","기존 영토·인구 원천값 없음. 동일 곡선 259개 영토에 반복","0","40","0","-2700","1,000,000","","",""
"6978fa0a2e85a8713b98dda7","Cangzhou","창저우시","city","기존값 유지","기존 연결값 유지. 새로 채운 14개 연도값은 근거 미확인","26","14","0","-2700","4,772,727","","기존 호구·인구 자료 연결",""
"6978fa7e2e85a8713b98dda9","Yangquan City","양취안시","city","재검증 필요","기존 영토·인구 원천값 없음. 동일 곡선 259개 영토에 반복","0","40","0","-2700","1,000,000","","",""
"6978fad12e85a8713b98ddaa","Weinan City","웨이난시","city","재검증 필요","기존 영토·인구 원천값 없음. 동일 곡선 259개 영토에 반복","0","40","0","-2700","1,000,000","","",""
"697967162e85a8713b98ddab","Chaoyang City","차오양시","city","재검증 필요","기존 영토·인구 원천값 없음. 동일 곡선 259개 영토에 반복","0","40","0","-2700","1,000,000","","",""
"697967292e85a8713b98ddac","Jinzhou City","진저우시","city","재검증 필요","기존 영토·인구 원천값 없음. 동일 곡선 259개 영토에 반복","0","40","0","-2700","1,000,000","","",""
"6979673d2e85a8713b98ddad","Panjin City","판진시","city","재검증 필요","기존 영토·인구 원천값 없음. 동일 곡선 259개 영토에 반복","0","40","0","-2700","1,000,000","","",""
"697967532e85a8713b98ddae","Anshan City","안산시","city","기존값 유지","기존 연결값 유지. 새로 채운 14개 연도값은 근거 미확인","26","14","0","-2700","2,163,636","","기존 호구·인구 자료 연결",""
"6979676c2e85a8713b98ddaf","Yingkou City","잉커우시","city","재검증 필요","기존 영토·인구 원천값 없음. 동일 곡선 259개 영토에 반복","0","40","0","-2700","1,000,000","","",""
"69796f812e85a8713b98ddb0","Dandong City","단둥시","city","기존값 유지","기존 연결값 유지. 새로 채운 12개 연도값은 근거 미확인","28","12","0","-2700","1,610,000","","기존 호구·인구 자료 연결",""
"69796fb52e85a8713b98ddb1","Benxi City","번시시","city","재검증 필요","기존 영토·인구 원천값 없음. 동일 곡선 259개 영토에 반복","0","40","0","-2700","1,000,000","","",""
"697977be2e85a8713b98ddb4","Suqian","쑤첸시","city","재검증 필요","기존 영토·인구 원천값 없음. 동일 곡선 259개 영토에 반복","0","40","0","-2700","1,000,000","","",""
"697978032e85a8713b98ddb6","Bozhou","보저우시","city","재검증 필요","기존 영토·인구 원천값 없음. 동일 곡선 259개 영토에 반복","0","40","0","-2700","1,000,000","","",""
"6979781e2e85a8713b98ddb7","Fuyang","푸양시","city","재검증 필요","기존 영토·인구 원천값 없음. 동일 곡선 259개 영토에 반복","0","40","0","-2700","1,000,000","","",""
"697978432e85a8713b98ddb8","Huainan","화이난시","city","기존값 유지","기존 연결값 유지. 새로 채운 12개 연도값은 근거 미확인","28","12","0","-2700","2,163,636","","기존 호구·인구 자료 연결",""
"697b6a5e055a3cf4853e0bb9","Turpan","투루판시","city","기존값 유지","기존 연결값 유지. 새로 채운 12개 연도값은 근거 미확인","28","12","0","-2700","445,455","","기존 호구·인구 자료 연결",""
"697b6ae3055a3cf4853e0bba","Zhangye","장예시","city","재검증 필요","기존 영토·인구 원천값 없음. 동일 곡선 259개 영토에 반복","0","40","0","-2700","1,000,000","","",""
"697df33deb509873cccf3280","Heze","허쩌시","city","재검증 필요","기존 영토·인구 원천값 없음. 동일 곡선 259개 영토에 반복","0","40","0","-2700","1,000,000","","",""
"697fe64e78fc0cfe1217ba7d","Dornod","더르너드주","province","재검증 필요","기존 영토·인구 원천값 없음. 동일 곡선 189개 영토에 반복","0","40","0","-2700","3,000,000","","",""
"697fe65d78fc0cfe1217ba7e","Sükhbaatar","수흐바타르주","province","재검증 필요","기존 영토·인구 원천값 없음. 동일 곡선 189개 영토에 반복","0","40","0","-2700","3,000,000","","",""
"697fe67178fc0cfe1217ba7f","Khentii","헹티주","province","재검증 필요","기존 영토·인구 원천값 없음. 동일 곡선 189개 영토에 반복","0","40","0","-2700","3,000,000","","",""
"697fe68278fc0cfe1217ba80","Dornogovi","더르너고비주","province","재검증 필요","기존 영토·인구 원천값 없음. 동일 곡선 189개 영토에 반복","0","40","0","-2700","3,000,000","","",""
"697fe69878fc0cfe1217ba81","Dundgovi","동드고비주","province","재검증 필요","기존 영토·인구 원천값 없음. 동일 곡선 189개 영토에 반복","0","40","0","-2700","3,000,000","","",""
"697fe6ab78fc0cfe1217ba82","Ömnögovi","우므느고비주","province","재검증 필요","기존 영토·인구 원천값 없음. 동일 곡선 189개 영토에 반복","0","40","0","-2700","3,000,000","","",""
"697fe6be78fc0cfe1217ba83","Övörkhangai","우부르항가이주","province","기존값 유지","기존 연결값 유지. 새로 채운 33개 연도값은 근거 미확인","7","33","0","-2700","9,375","","기존 호구·인구 자료 연결",""
"697fe6cc78fc0cfe1217ba84","Arkhangai","아르항가이주","province","재검증 필요","기존 영토·인구 원천값 없음. 동일 곡선 189개 영토에 반복","0","40","0","-2700","3,000,000","","",""
"697fe6db78fc0cfe1217ba85","Bulgan","볼간주","province","재검증 필요","기존 영토·인구 원천값 없음. 동일 곡선 189개 영토에 반복","0","40","0","-2700","3,000,000","","",""
"697fe6eb78fc0cfe1217ba86","Hovsgel","후브스굴주","province","재검증 필요","기존 영토·인구 원천값 없음. 동일 곡선 189개 영토에 반복","0","40","0","-2700","3,000,000","","",""
"697fe6f978fc0cfe1217ba87","Zavkhan","자브항주","province","재검증 필요","기존 영토·인구 원천값 없음. 동일 곡선 189개 영토에 반복","0","40","0","-2700","3,000,000","","",""
"697fe70678fc0cfe1217ba88","고비알타이주","고비알타이주","city","재검증 필요","기존 영토·인구 원천값 없음. 동일 곡선 259개 영토에 반복","0","40","0","-2700","1,000,000","","",""
"697fe71678fc0cfe1217ba89","허브드주","허브드주","province","재검증 필요","기존 영토·인구 원천값 없음. 동일 곡선 189개 영토에 반복","0","40","0","-2700","3,000,000","","",""
"697fe72478fc0cfe1217ba8a","오브스주","오브스주","province","재검증 필요","기존 영토·인구 원천값 없음. 동일 곡선 189개 영토에 반복","0","40","0","-2700","3,000,000","","",""
"697fe73278fc0cfe1217ba8b","바잉울기","바잉울기","province","재검증 필요","기존 영토·인구 원천값 없음. 동일 곡선 189개 영토에 반복","0","40","0","-2700","3,000,000","","",""
"697fe74f78fc0cfe1217ba8c","Altay Prefecture","아러타이지구","city","재검증 필요","기존 영토·인구 원천값 없음. 동일 곡선 259개 영토에 반복","0","40","0","-2700","1,000,000","","",""
"697fe77278fc0cfe1217ba8d","Tacheng Prefecture","타청지구","city","재검증 필요","기존 영토·인구 원천값 없음. 동일 곡선 259개 영토에 반복","0","40","0","-2700","1,000,000","","",""
"697fea1178fc0cfe1217ba8f","Tuva Republic","투바 공화국","province","재검증 필요","기존 영토·인구 원천값 없음. 동일 곡선 189개 영토에 반복","0","40","0","-2700","3,000,000","","",""
"697febbb78fc0cfe1217ba90","Irkutsk Oblast","Иркутская область","province","재검증 필요","기존 영토·인구 원천값 없음. 동일 곡선 189개 영토에 반복","0","40","0","-2700","3,000,000","","",""
"697fec7578fc0cfe1217ba91","Volga Federal District","프리볼시스키 연방관구","city","재검증 필요","기존 영토·인구 원천값 없음. 동일 곡선 259개 영토에 반복","0","40","0","-2700","1,000,000","","",""
"697fec9778fc0cfe1217ba92","Central Federal District","Центральный федеральный округ","province","재검증 필요","기존 영토·인구 원천값 없음. 동일 곡선 189개 영토에 반복","0","40","0","-2700","3,000,000","","",""
"697fed8478fc0cfe1217ba93","Southern Federal District","남부연방관구","province","재검증 필요","기존 영토·인구 원천값 없음. 동일 곡선 189개 영토에 반복","0","40","0","-2700","3,000,000","","",""
"699dc5aa207c1bca806dd2b4","Zhejiang","","province","재검증 필요","기존 영토·인구 원천값 없음. 동일 곡선 189개 영토에 반복","0","40","0","-2700","3,000,000","","",""
"699dc5aa207c1bca806dd2d3","Khabarovsk","","city","재검증 필요","기존 영토·인구 원천값 없음. 동일 곡선 259개 영토에 반복","0","40","0","-2700","1,000,000","","",""
"699dc5aa207c1bca806dd2d6","Indonesia","","country","재검증 필요","기존 영토·인구 원천값 없음. 동일 곡선 10개 영토에 반복","0","40","0","-2700","10,000,000","","",""
"699dc5aa207c1bca806dd2d7","Malaysia","","country","재검증 필요","기존 영토·인구 원천값 없음. 동일 곡선 10개 영토에 반복","0","40","0","-2700","10,000,000","","",""
"699dc5aa207c1bca806dd2d8","France","프랑스","province","재검증 필요","기존 영토·인구 원천값 없음. 동일 곡선 189개 영토에 반복","0","40","0","-2700","3,000,000","","",""
"69a2fe03f8b3f36ff5487673","Buryatia","Республика Бурятия","province","재검증 필요","기존 영토·인구 원천값 없음. 동일 곡선 189개 영토에 반복","0","40","0","-2700","3,000,000","","",""
"69c366fd4c97ab064f26819f","Tajikistan","타지키스탄","city","재검증 필요","기존 영토·인구 원천값 없음. 동일 곡선 259개 영토에 반복","0","40","0","-2700","1,000,000","","",""
"69c3734db59cf26e80e21f89","India","인도","province","재검증 필요","기존 영토·인구 원천값 없음. 동일 곡선 189개 영토에 반복","0","40","0","-2700","3,000,000","","",""
"69c37e7ca94741d291680790","Iraq","이라크","province","재검증 필요","기존 영토·인구 원천값 없음. 동일 곡선 189개 영토에 반복","0","40","0","-2700","3,000,000","","",""
"69c37f2da94741d291680791","Laos","라오스","country","재검증 필요","기존 영토·인구 원천값 없음. 동일 곡선 10개 영토에 반복","0","40","0","-2700","10,000,000","","",""
"69c38192a94741d291680792","Tsushima","쓰시마시","city","재검증 필요","기존 영토·인구 원천값 없음. 동일 곡선 259개 영토에 반복","0","40","0","-2700","1,000,000","","",""
"69c3f700665027869a1472b3","Turkmenistan","투르크메니스탄","province","재검증 필요","기존 영토·인구 원천값 없음. 동일 곡선 189개 영토에 반복","0","40","0","-2700","3,000,000","","",""
"69c3f74e665027869a1472b4","Afghanistan","아프가니스탄","province","재검증 필요","기존 영토·인구 원천값 없음. 동일 곡선 189개 영토에 반복","0","40","0","-2700","3,000,000","","",""
"69c3f7a5665027869a1472b5","Pakistan","파키스탄","province","재검증 필요","기존 영토·인구 원천값 없음. 동일 곡선 189개 영토에 반복","0","40","0","-2700","3,000,000","","",""
"69c3f87a665027869a1472b6","Kyrgyzstan","키르기스스탄","province","재검증 필요","기존 영토·인구 원천값 없음. 동일 곡선 189개 영토에 반복","0","40","0","-2700","3,000,000","","",""
"69ccb0ef576b4754a2bd0a6f","Huludao City","후루다오시","city","재검증 필요","기존 영토·인구 원천값 없음. 동일 곡선 259개 영토에 반복","0","40","0","-2700","1,000,000","","",""
"69ccb1cd576b4754a2bd0a70","Qinhuangdao","친황다오시","city","재검증 필요","기존 영토·인구 원천값 없음. 동일 곡선 259개 영토에 반복","0","40","0","-2700","1,000,000","","",""
"69cd188ca0643be3b024ba91","Vietnam","베트남","country","기존값 유지","기존 연결값 유지. 새로 채운 12개 연도값은 근거 미확인","28","12","0","-2700","11,645,455","","기존 호구·인구 자료 연결",""
"69cd18e8a0643be3b024ba92","North Korea","조선민주주의인민공화국","country","기존값 유지","기존 연결값 유지. 새로 채운 12개 연도값은 근거 미확인","28","12","0","-2700","2,685,455","","기존 호구·인구 자료 연결",""
"69cd1f7737132c8534c9493b","Inner Mongolia","내몽골","country","기존값 유지","기존 연결값 유지. 새로 채운 20개 연도값은 근거 미확인","20","20","0","-2700","24,000,000","24000000","1차 시대별 모델 추정: 역사 인구 총량 추세와 현대 인구 규모를 결합한 기준 시계열","0.35"
"69cd1f7837132c8534c9493f","Gansu","감숙","country","재검증 필요","기존 영토·인구 원천값 없음. 동일 곡선 10개 영토에 반복","0","40","0","-2700","10,000,000","","",""
"69cd1f7937132c8534c94940","Guangxi","광서","province","재검증 필요","기존 영토·인구 원천값 없음. 동일 곡선 189개 영토에 반복","0","40","0","-2700","3,000,000","","",""
"69cd1f7937132c8534c94942","Shaanxi","섬서","country","재검증 필요","기존 영토·인구 원천값 없음. 동일 곡선 10개 영토에 반복","0","40","0","-2700","10,000,000","","",""
"69cd1f7a37132c8534c94944","Hebei","하북","province","재검증 필요","기존 영토·인구 원천값 없음. 동일 곡선 189개 영토에 반복","0","40","0","-2700","3,000,000","","",""
"69cd1f7b37132c8534c94945","Shandong","산동","country","기존값 유지","기존 연결값 유지. 새로 채운 22개 연도값은 근거 미확인","18","22","0","-2700","101,500,000","101500000","1차 시대별 모델 추정: 역사 인구 총량 추세와 현대 인구 규모를 결합한 기준 시계열","0.35"
"69cd1f7c37132c8534c94946","Henan","하남","province","재검증 필요","기존 영토·인구 원천값 없음. 동일 곡선 189개 영토에 반복","0","40","0","-2700","3,000,000","","",""
"69cd1f7c37132c8534c94947","Liaoning","요녕","province","재검증 필요","기존 영토·인구 원천값 없음. 동일 곡선 189개 영토에 반복","0","40","0","-2700","3,000,000","","",""
"69cd1f7c37132c8534c94948","Shanxi","산서","province","재검증 필요","기존 영토·인구 원천값 없음. 동일 곡선 189개 영토에 반복","0","40","0","-2700","3,000,000","","",""
"69cd1f7e37132c8534c9494b","Jiangsu","강소","country","재검증 필요","기존 영토·인구 원천값 없음. 동일 곡선 10개 영토에 반복","0","40","0","-2700","10,000,000","","",""
"69cd1f7f37132c8534c9494c","Macao","마카오","city","재검증 필요","기존 영토·인구 원천값 없음. 동일 곡선 259개 영토에 반복","0","40","0","-2700","1,000,000","","",""
"69cd1f8037132c8534c9494e","Karachay-Cherkess Republic","","province","재검증 필요","기존 영토·인구 원천값 없음. 동일 곡선 189개 영토에 반복","0","40","0","-2700","3,000,000","","",""
"69cd1f8137132c8534c9494f","Sakhalin Oblast","","province","재검증 필요","기존 영토·인구 원천값 없음. 동일 곡선 189개 영토에 반복","0","40","0","-2700","3,000,000","","",""
"69cd1f8137132c8534c94950","Voronezh Oblast","","province","재검증 필요","기존 영토·인구 원천값 없음. 동일 곡선 189개 영토에 반복","0","40","0","-2700","3,000,000","","",""
"69cd1f8137132c8534c94951","Tomsk Oblast","","province","재검증 필요","기존 영토·인구 원천값 없음. 동일 곡선 189개 영토에 반복","0","40","0","-2700","3,000,000","","",""
"69cd1f8237132c8534c94952","Novosibirsk Oblast","","province","재검증 필요","기존 영토·인구 원천값 없음. 동일 곡선 189개 영토에 반복","0","40","0","-2700","3,000,000","","",""
"69cd1f8237132c8534c94953","Nenets Autonomous Okrug","","province","재검증 필요","기존 영토·인구 원천값 없음. 동일 곡선 189개 영토에 반복","0","40","0","-2700","3,000,000","","",""
"69cd1f8237132c8534c94954","Magadan Oblast","","province","재검증 필요","기존 영토·인구 원천값 없음. 동일 곡선 189개 영토에 반복","0","40","0","-2700","3,000,000","","",""
"69cd1f8337132c8534c94955","Kamchatka Krai","","province","재검증 필요","기존 영토·인구 원천값 없음. 동일 곡선 189개 영토에 반복","0","40","0","-2700","3,000,000","","",""
"69cd1f8337132c8534c94957","Stavropol Krai","","province","재검증 필요","기존 영토·인구 원천값 없음. 동일 곡선 189개 영토에 반복","0","40","0","-2700","3,000,000","","",""
"69cd1f8437132c8534c94958","Altai Krai","","province","재검증 필요","기존 영토·인구 원천값 없음. 동일 곡선 189개 영토에 반복","0","40","0","-2700","3,000,000","","",""
"69cd1f8437132c8534c94959","Moscow","","province","재검증 필요","기존 영토·인구 원천값 없음. 동일 곡선 189개 영토에 반복","0","40","0","-2700","3,000,000","","",""
"69cd1f8537132c8534c9495a","Tambov Oblast","","province","재검증 필요","기존 영토·인구 원천값 없음. 동일 곡선 189개 영토에 반복","0","40","0","-2700","3,000,000","","",""
"69cd1f8537132c8534c9495b","Sverdlovsk Oblast","","province","재검증 필요","기존 영토·인구 원천값 없음. 동일 곡선 189개 영토에 반복","0","40","0","-2700","3,000,000","","",""
"69cd1f8637132c8534c9495c","Khanty–Mansi Autonomous Okrug – Yugra","","province","재검증 필요","기존 영토·인구 원천값 없음. 동일 곡선 189개 영토에 반복","0","40","0","-2700","3,000,000","","",""
"69cd1f8637132c8534c9495d","Chukotka Autonomous Okrug","","province","재검증 필요","기존 영토·인구 원천값 없음. 동일 곡선 189개 영토에 반복","0","40","0","-2700","3,000,000","","",""
"69cd1f8637132c8534c9495e","Tyumen Oblast","","province","재검증 필요","기존 영토·인구 원천값 없음. 동일 곡선 189개 영토에 반복","0","40","0","-2700","3,000,000","","",""
"69cd1f8737132c8534c9495f","Vladimir Oblast","","province","재검증 필요","기존 영토·인구 원천값 없음. 동일 곡선 189개 영토에 반복","0","40","0","-2700","3,000,000","","",""
"69cd1f8737132c8534c94960","Moscow Oblast","","province","재검증 필요","기존 영토·인구 원천값 없음. 동일 곡선 189개 영토에 반복","0","40","0","-2700","3,000,000","","",""
"69cd1f8737132c8534c94961","Volgograd Oblast","","province","재검증 필요","기존 영토·인구 원천값 없음. 동일 곡선 189개 영토에 반복","0","40","0","-2700","3,000,000","","",""
"69cd1f8837132c8534c94962","Orenburg Oblast","","province","재검증 필요","기존 영토·인구 원천값 없음. 동일 곡선 189개 영토에 반복","0","40","0","-2700","3,000,000","","",""
"69cd1f8837132c8534c94963","Samara Oblast","","province","재검증 필요","기존 영토·인구 원천값 없음. 동일 곡선 189개 영토에 반복","0","40","0","-2700","3,000,000","","",""
"69cd1f8937132c8534c94964","Astrakhan Oblast","","province","재검증 필요","기존 영토·인구 원천값 없음. 동일 곡선 189개 영토에 반복","0","40","0","-2700","3,000,000","","",""
"69cd1f8937132c8534c94965","Republic of Adygea","","province","재검증 필요","기존 영토·인구 원천값 없음. 동일 곡선 189개 영토에 반복","0","40","0","-2700","3,000,000","","",""
"69cd1f8937132c8534c94966","Republic of Kalmykia","","province","재검증 필요","기존 영토·인구 원천값 없음. 동일 곡선 189개 영토에 반복","0","40","0","-2700","3,000,000","","",""
"69cd1f8a37132c8534c94967","Krasnodar Krai","","province","재검증 필요","기존 영토·인구 원천값 없음. 동일 곡선 189개 영토에 반복","0","40","0","-2700","3,000,000","","",""
"69cd1f8a37132c8534c94968","Rostov Oblast","","province","재검증 필요","기존 영토·인구 원천값 없음. 동일 곡선 189개 영토에 반복","0","40","0","-2700","3,000,000","","",""
"69cd1f8a37132c8534c94969","Murmansk Oblast","","province","재검증 필요","기존 영토·인구 원천값 없음. 동일 곡선 189개 영토에 반복","0","40","0","-2700","3,000,000","","",""
"69cd1f8b37132c8534c9496a","Pskov Oblast","","province","재검증 필요","기존 영토·인구 원천값 없음. 동일 곡선 189개 영토에 반복","0","40","0","-2700","3,000,000","","",""
"69cd1f8b37132c8534c9496b","Saint Petersburg","","province","재검증 필요","기존 영토·인구 원천값 없음. 동일 곡선 189개 영토에 반복","0","40","0","-2700","3,000,000","","",""
"69cd1f8b37132c8534c9496c","Leningrad Oblast","","province","재검증 필요","기존 영토·인구 원천값 없음. 동일 곡선 189개 영토에 반복","0","40","0","-2700","3,000,000","","",""
"69cd1f8c37132c8534c9496d","Republic of Mordovia","","province","재검증 필요","기존 영토·인구 원천값 없음. 동일 곡선 189개 영토에 반복","0","40","0","-2700","3,000,000","","",""
"69cd1f8c37132c8534c9496e","Republic of Tatarstan","","province","재검증 필요","기존 영토·인구 원천값 없음. 동일 곡선 189개 영토에 반복","0","40","0","-2700","3,000,000","","",""
"69cd1f8c37132c8534c9496f","Kirov Oblast","","province","재검증 필요","기존 영토·인구 원천값 없음. 동일 곡선 189개 영토에 반복","0","40","0","-2700","3,000,000","","",""
"69cd1f8d37132c8534c94970","Kostroma Oblast","","province","재검증 필요","기존 영토·인구 원천값 없음. 동일 곡선 189개 영토에 반복","0","40","0","-2700","3,000,000","","",""
"69cd1f8d37132c8534c94971","Tver Oblast","","province","재검증 필요","기존 영토·인구 원천값 없음. 동일 곡선 189개 영토에 반복","0","40","0","-2700","3,000,000","","",""
"69cd1f8e37132c8534c94972","Tula Oblast","","province","재검증 필요","기존 영토·인구 원천값 없음. 동일 곡선 189개 영토에 반복","0","40","0","-2700","3,000,000","","",""
"69cd1f8e37132c8534c94973","Kaluga Oblast","","province","재검증 필요","기존 영토·인구 원천값 없음. 동일 곡선 189개 영토에 반복","0","40","0","-2700","3,000,000","","",""
"69cd1f8e37132c8534c94974","Ulyanovsk Oblast","","province","재검증 필요","기존 영토·인구 원천값 없음. 동일 곡선 189개 영토에 반복","0","40","0","-2700","3,000,000","","",""
"69cd1f8f37132c8534c94975","Mari El Republic","","province","재검증 필요","기존 영토·인구 원천값 없음. 동일 곡선 189개 영토에 반복","0","40","0","-2700","3,000,000","","",""
"69cd1f8f37132c8534c94976","Smolensk Oblast","","province","재검증 필요","기존 영토·인구 원천값 없음. 동일 곡선 189개 영토에 반복","0","40","0","-2700","3,000,000","","",""
"69cd1f8f37132c8534c94977","Perm Krai","","province","재검증 필요","기존 영토·인구 원천값 없음. 동일 곡선 189개 영토에 반복","0","40","0","-2700","3,000,000","","",""
"69cd1f9037132c8534c94978","Ivanovo Oblast","","province","재검증 필요","기존 영토·인구 원천값 없음. 동일 곡선 189개 영토에 반복","0","40","0","-2700","3,000,000","","",""
"69cd1f9037132c8534c94979","Chuvash Republic","","province","재검증 필요","기존 영토·인구 원천값 없음. 동일 곡선 189개 영토에 반복","0","40","0","-2700","3,000,000","","",""
"69cd1f9037132c8534c9497a","Republic of North Ossetia-Alania","","province","재검증 필요","기존 영토·인구 원천값 없음. 동일 곡선 189개 영토에 반복","0","40","0","-2700","3,000,000","","",""
"69cd1f9137132c8534c9497b","Bryansk Oblast","","province","재검증 필요","기존 영토·인구 원천값 없음. 동일 곡선 189개 영토에 반복","0","40","0","-2700","3,000,000","","",""
"69cd1f9137132c8534c9497c","Penza Oblast","","province","재검증 필요","기존 영토·인구 원천값 없음. 동일 곡선 189개 영토에 반복","0","40","0","-2700","3,000,000","","",""
"69cd1f9237132c8534c9497d","Belgorod Oblast","","province","재검증 필요","기존 영토·인구 원천값 없음. 동일 곡선 189개 영토에 반복","0","40","0","-2700","3,000,000","","",""
"69cd1f9237132c8534c9497e","Lipetsk Oblast","","province","재검증 필요","기존 영토·인구 원천값 없음. 동일 곡선 189개 영토에 반복","0","40","0","-2700","3,000,000","","",""
"69cd1f9237132c8534c9497f","Novgorod Oblast","","province","재검증 필요","기존 영토·인구 원천값 없음. 동일 곡선 189개 영토에 반복","0","40","0","-2700","3,000,000","","",""
"69cd1f9337132c8534c94980","Arkhangelsk Oblast","","province","재검증 필요","기존 영토·인구 원천값 없음. 동일 곡선 189개 영토에 반복","0","40","0","-2700","3,000,000","","",""
"69cd1f9337132c8534c94981","Nizhny Novgorod Oblast","","province","재검증 필요","기존 영토·인구 원천값 없음. 동일 곡선 189개 영토에 반복","0","40","0","-2700","3,000,000","","",""
"69cd1f9337132c8534c94982","Kurgan Oblast","","province","재검증 필요","기존 영토·인구 원천값 없음. 동일 곡선 189개 영토에 반복","0","40","0","-2700","3,000,000","","",""
"69cd1f9437132c8534c94983","Kursk Oblast","","province","재검증 필요","기존 영토·인구 원천값 없음. 동일 곡선 189개 영토에 반복","0","40","0","-2700","3,000,000","","",""
"69cd1f9437132c8534c94984","Altai Republic","","province","재검증 필요","기존 영토·인구 원천값 없음. 동일 곡선 189개 영토에 반복","0","40","0","-2700","3,000,000","","",""
"69cd1f9537132c8534c94985","Ryazan Oblast","","province","재검증 필요","기존 영토·인구 원천값 없음. 동일 곡선 189개 영토에 반복","0","40","0","-2700","3,000,000","","",""
"69cd1f9537132c8534c94986","Yamalo-Nenets Autonomous Okrug","","province","재검증 필요","기존 영토·인구 원천값 없음. 동일 곡선 189개 영토에 반복","0","40","0","-2700","3,000,000","","",""
"69cd1f9537132c8534c94987","Krasnoyarsk Krai","","province","재검증 필요","기존 영토·인구 원천값 없음. 동일 곡선 189개 영토에 반복","0","40","0","-2700","3,000,000","","",""
"69cd1f9637132c8534c94989","Republic of Dagestan","","province","재검증 필요","기존 영토·인구 원천값 없음. 동일 곡선 189개 영토에 반복","0","40","0","-2700","3,000,000","","",""
"69cd1f9737132c8534c9498a","Omsk Oblast","","province","재검증 필요","기존 영토·인구 원천값 없음. 동일 곡선 189개 영토에 반복","0","40","0","-2700","3,000,000","","",""
"69cd1f9737132c8534c9498b","Komi Republic","","province","재검증 필요","기존 영토·인구 원천값 없음. 동일 곡선 189개 영토에 반복","0","40","0","-2700","3,000,000","","",""
"69cd1f9737132c8534c9498c","Chechen Republic","","province","재검증 필요","기존 영토·인구 원천값 없음. 동일 곡선 189개 영토에 반복","0","40","0","-2700","3,000,000","","",""
"69cd1f9837132c8534c9498d","Kabardino-Balkar Republic","","province","재검증 필요","기존 영토·인구 원천값 없음. 동일 곡선 189개 영토에 반복","0","40","0","-2700","3,000,000","","",""
"69cd1f9837132c8534c9498e","Saratov Oblast","","province","재검증 필요","기존 영토·인구 원천값 없음. 동일 곡선 189개 영토에 반복","0","40","0","-2700","3,000,000","","",""
"69cd1f9937132c8534c9498f","Kaliningrad Oblast","","province","재검증 필요","기존 영토·인구 원천값 없음. 동일 곡선 189개 영토에 반복","0","40","0","-2700","3,000,000","","",""
"69cd1f9937132c8534c94990","Oryol Oblast","","city","재검증 필요","기존 영토·인구 원천값 없음. 동일 곡선 259개 영토에 반복","0","40","0","-2700","1,000,000","","",""
"69cd1f9937132c8534c94991","Republic of Karelia","","province","재검증 필요","기존 영토·인구 원천값 없음. 동일 곡선 189개 영토에 반복","0","40","0","-2700","3,000,000","","",""
"69cd1f9a37132c8534c94993","Jewish Autonomous Oblast","","city","재검증 필요","기존 영토·인구 원천값 없음. 동일 곡선 259개 영토에 반복","0","40","0","-2700","1,000,000","","",""
"69cd1f9b37132c8534c94995","Kemerovo Oblast","","province","재검증 필요","기존 영토·인구 원천값 없음. 동일 곡선 189개 영토에 반복","0","40","0","-2700","3,000,000","","",""
"69cd1f9b37132c8534c94996","Republic of Khakassia","","province","재검증 필요","기존 영토·인구 원천값 없음. 동일 곡선 189개 영토에 반복","0","40","0","-2700","3,000,000","","",""
"69cd1f9c37132c8534c94997","Yaroslavl Oblast","","province","재검증 필요","기존 영토·인구 원천값 없음. 동일 곡선 189개 영토에 반복","0","40","0","-2700","3,000,000","","",""
"69cd1f9c37132c8534c94998","Udmurt Republic","","province","재검증 필요","기존 영토·인구 원천값 없음. 동일 곡선 189개 영토에 반복","0","40","0","-2700","3,000,000","","",""
"69cd1f9d37132c8534c94999","Vologda Oblast","","province","재검증 필요","기존 영토·인구 원천값 없음. 동일 곡선 189개 영토에 반복","0","40","0","-2700","3,000,000","","",""
"69cd1f9d37132c8534c9499a","Republic of Ingushetia","","city","재검증 필요","기존 영토·인구 원천값 없음. 동일 곡선 259개 영토에 반복","0","40","0","-2700","1,000,000","","",""
"69cd1f9d37132c8534c9499b","Chelyabinsk Oblast","","province","재검증 필요","기존 영토·인구 원천값 없음. 동일 곡선 189개 영토에 반복","0","40","0","-2700","3,000,000","","",""
"69cd1f9e37132c8534c9499c","Republic of Bashkortostan","","province","재검증 필요","기존 영토·인구 원천값 없음. 동일 곡선 189개 영토에 반복","0","40","0","-2700","3,000,000","","",""
"69cd1f9e37132c8534c9499d","Seoul","서울특별시","city","기존값 유지","기존 연결값 유지. 새로 채운 13개 연도값은 근거 미확인","27","13","0","-2700","6,172,727","","기존 호구·인구 자료 연결",""
"69cd1f9f37132c8534c9499e","Busan","부산광역시","city","기존값 유지","기존 연결값 유지. 새로 채운 15개 연도값은 근거 미확인","25","15","0","-2700","2,138,182","","기존 호구·인구 자료 연결",""
"69cd1fa037132c8534c9499f","Daegu","대구광역시","city","기존값 유지","기존 연결값 유지. 새로 채운 14개 연도값은 근거 미확인","26","14","0","-2700","1,546,364","","기존 호구·인구 자료 연결",""
"69cd1fa037132c8534c949a0","Incheon","인천광역시","city","재검증 필요","기존 영토·인구 원천값 없음. 동일 곡선 259개 영토에 반복","0","40","0","-2700","1,000,000","","",""
"69cd1fa137132c8534c949a1","Gwangju","광주광역시","city","기존값 유지","기존 연결값 유지. 새로 채운 14개 연도값은 근거 미확인","26","14","0","-2700","922,727","","기존 호구·인구 자료 연결",""
"69cd1fa137132c8534c949a2","Daejeon","대전광역시","city","재검증 필요","기존 영토·인구 원천값 없음. 동일 곡선 259개 영토에 반복","0","40","0","-2700","1,000,000","","",""
"69cd1fa237132c8534c949a3","Ulsan","울산광역시","city","재검증 필요","기존 영토·인구 원천값 없음. 동일 곡선 259개 영토에 반복","0","40","0","-2700","1,000,000","","",""
"69cd1fa237132c8534c949a4","Sejong","세종특별자치시","city","재검증 필요","기존 영토·인구 원천값 없음. 동일 곡선 259개 영토에 반복","0","40","0","-2700","1,000,000","","",""
"69cd1fa237132c8534c949a5","Gyeonggi","경기도","province","재검증 필요","기존 영토·인구 원천값 없음. 동일 곡선 189개 영토에 반복","0","40","0","-2700","3,000,000","","",""
"69cd1fa337132c8534c949a6","Gangwon","강원도","province","재검증 필요","기존 영토·인구 원천값 없음. 동일 곡선 189개 영토에 반복","0","40","0","-2700","3,000,000","","",""
"69cd1fa437132c8534c949a7","North Chungcheong","충청북도","province","기존값 유지","기존 연결값 유지. 새로 채운 15개 연도값은 근거 미확인","25","15","0","-2700","540,909","","기존 호구·인구 자료 연결",""
"69cd1fa437132c8534c949a8","South Chungcheong","충청남도","province","기존값 유지","기존 연결값 유지. 새로 채운 13개 연도값은 근거 미확인","27","13","0","-2700","73,182","","기존 호구·인구 자료 연결",""
"69cd1fa537132c8534c949a9","North Jeolla","전라북도","province","기존값 유지","기존 연결값 유지. 새로 채운 15개 연도값은 근거 미확인","25","15","0","-2700","413,636","","기존 호구·인구 자료 연결",""
"69cd1fa537132c8534c949aa","South Jeolla","전라남도","province","재검증 필요","기존 영토·인구 원천값 없음. 동일 곡선 189개 영토에 반복","0","40","0","-2700","3,000,000","","",""
"69cd1fa637132c8534c949ab","North Gyeongsang","경상북도","province","기존값 유지","기존 연결값 유지. 새로 채운 13개 연도값은 근거 미확인","27","13","0","-2700","165,455","","기존 호구·인구 자료 연결",""
"69cd1fa737132c8534c949ac","South Gyeongsang","경상남도","province","재검증 필요","기존 영토·인구 원천값 없음. 동일 곡선 189개 영토에 반복","0","40","0","-2700","3,000,000","","",""
"69cd1fa737132c8534c949ad","Jeju","제주특별자치도","province","재검증 필요","기존 영토·인구 원천값 없음. 동일 곡선 189개 영토에 반복","0","40","0","-2700","3,000,000","","",""
"69cd21c8a0643be3b024bac1","Kazakhstan","카자흐스탄","country","재검증 필요","기존 영토·인구 원천값 없음. 동일 곡선 10개 영토에 반복","0","40","0","-2700","10,000,000","","",""
"69cd2219a0643be3b024bac3","Kyushu Region","규슈","province","기존값 유지","기존 연결값 유지. 새로 채운 21개 연도값은 근거 미확인","19","21","0","-2700","890,909","","기존 호구·인구 자료 연결",""
"69cd2255a0643be3b024bac4","Japan","일본","country","기존값 유지","기존 연결값 유지. 새로 채운 22개 연도값은 근거 미확인","18","22","0","-2700","123,000,000","123000000","1차 시대별 모델 추정: 역사 인구 총량 추세와 현대 인구 규모를 결합한 기준 시계열","0.35"
"69cd24609f86f740005a7218","Bayankhongor","바얀홍고르주","city","재검증 필요","기존 영토·인구 원천값 없음. 동일 곡선 259개 영토에 반복","0","40","0","-2700","1,000,000","","",""
"69cd24619f86f740005a721a","Darkhan-Uul","다르항올주","city","재검증 필요","기존 영토·인구 원천값 없음. 동일 곡선 259개 영토에 반복","0","40","0","-2700","1,000,000","","",""
"69cd24629f86f740005a721d","Mongolia","몽골","country","기존값 유지","기존 연결값 유지. 새로 채운 20개 연도값은 근거 미확인","20","20","0","-2700","3,500,000","3500000","1차 시대별 모델 추정: 역사 인구 총량 추세와 현대 인구 규모를 결합한 기준 시계열","0.35"
"69cdc636a0643be3b024bfc3","Alxa League","아라산맹","city","재검증 필요","기존 영토·인구 원천값 없음. 동일 곡선 259개 영토에 반복","0","40","0","-2700","1,000,000","","",""
"69cdc66ba0643be3b024bfc4","Wuwei","우웨이시","","재검증 필요","기존 영토·인구 원천값 없음. 동일 곡선 259개 영토에 반복","0","40","0","-2700","1,000,000","","",""
"69cdc69ea0643be3b024bfc5","Jinchang","진창시","city","재검증 필요","기존 영토·인구 원천값 없음. 동일 곡선 259개 영토에 반복","0","40","0","-2700","1,000,000","","",""
"69cdc6d3a0643be3b024bfc7","Hami","하미시","city","재검증 필요","기존 영토·인구 원천값 없음. 동일 곡선 259개 영토에 반복","0","40","0","-2700","1,000,000","","",""
"69cdc73da0643be3b024bfcc","Qinghai","칭하이성","province","재검증 필요","기존 영토·인구 원천값 없음. 동일 곡선 189개 영토에 반복","0","40","0","-2700","3,000,000","","",""
"69cdc771a0643be3b024bfcd","Ngawa Tibetan and Qiang Autonomous Prefecture","아바 티베트족 창족 자치주","","재검증 필요","기존 영토·인구 원천값 없음. 동일 곡선 259개 영토에 반복","0","40","0","-2700","1,000,000","","",""
"69cdc7a9a0643be3b024bfd0","Sichuan","쓰촨성","province","재검증 필요","기존 영토·인구 원천값 없음. 동일 곡선 189개 영토에 반복","0","40","0","-2700","3,000,000","","",""
"69cdc9d3a0643be3b024bfd8","Baoji","바오지시","city","재검증 필요","기존 영토·인구 원천값 없음. 동일 곡선 259개 영토에 반복","0","40","0","-2700","1,000,000","","",""
"69cdca33a0643be3b024bfdb","Shiyan","스옌시","city","재검증 필요","기존 영토·인구 원천값 없음. 동일 곡선 259개 영토에 반복","0","40","0","-2700","1,000,000","","",""
"69cdca44a0643be3b024bfdc","Ankang","안캉시","city","재검증 필요","기존 영토·인구 원천값 없음. 동일 곡선 259개 영토에 반복","0","40","0","-2700","1,000,000","","",""
"69cdcabda0643be3b024bfec","Hunan","후난성","province","재검증 필요","기존 영토·인구 원천값 없음. 동일 곡선 189개 영토에 반복","0","40","0","-2700","3,000,000","","",""
"69cdcae1a0643be3b024bfed","Guangdong","광둥성","province","재검증 필요","기존 영토·인구 원천값 없음. 동일 곡선 189개 영토에 반복","0","40","0","-2700","3,000,000","","",""
"69cdcb13a0643be3b024bfee","Fujian","푸젠성","province","기존값 유지","기존 연결값 유지. 새로 채운 15개 연도값은 근거 미확인","25","15","0","-2700","5,663,636","","기존 호구·인구 자료 연결",""
"69cdcb91a0643be3b024bff2","Jiangxi","장시성","province","재검증 필요","기존 영토·인구 원천값 없음. 동일 곡선 189개 영토에 반복","0","40","0","-2700","3,000,000","","",""
"69cdcbd9a0643be3b024bff6","Anhui","안후이성","province","재검증 필요","기존 영토·인구 원천값 없음. 동일 곡선 189개 영토에 반복","0","40","0","-2700","3,000,000","","",""
"69cdcc65a0643be3b024bff9","Primorsky Krai","프리모르스키 지방","","재검증 필요","기존 영토·인구 원천값 없음. 동일 곡선 259개 영토에 반복","0","40","0","-2700","1,000,000","","",""
"69cdccbaa0643be3b024bffe","Amur Oblast","Амурская область","","재검증 필요","기존 영토·인구 원천값 없음. 동일 곡선 259개 영토에 반복","0","40","0","-2700","1,000,000","","",""
"69cdcd78a0643be3b024c001","Enshi","언스 투자족 먀오족 자치주","city","재검증 필요","기존 영토·인구 원천값 없음. 동일 곡선 259개 영토에 반복","0","40","0","-2700","1,000,000","","",""
"69cdcdc7a0643be3b024c004","Thailand","태국","country","재검증 필요","기존 영토·인구 원천값 없음. 동일 곡선 10개 영토에 반복","0","40","0","-2700","10,000,000","","",""
"69cdcde9a0643be3b024c005","Myanmar","미얀마","country","재검증 필요","기존 영토·인구 원천값 없음. 동일 곡선 10개 영토에 반복","0","40","0","-2700","10,000,000","","",""
"69cdd8e0a0643be3b024c041","Hohhot City","후허하오터시","city","기존값 유지","기존 연결값 유지. 새로 채운 14개 연도값은 근거 미확인","26","14","0","-2700","2,163,636","","기존 호구·인구 자료 연결",""
"69cdd944a0643be3b024c043","Weifang","웨이팡시","city","기존값 유지","기존 연결값 유지. 새로 채운 14개 연도값은 근거 미확인","26","14","0","-2700","5,981,818","","기존 호구·인구 자료 연결",""
"69cdd971a0643be3b024c045","Dongying","둥잉시","city","재검증 필요","기존 영토·인구 원천값 없음. 동일 곡선 259개 영토에 반복","0","40","0","-2700","1,000,000","","",""
"69cdf923a0643be3b024c0d4","Jining","지닝시","city","재검증 필요","기존 영토·인구 원천값 없음. 동일 곡선 259개 영토에 반복","0","40","0","-2700","1,000,000","","",""
"69cdf950a0643be3b024c0d5","Zaozhuang","짜오좡시","city","재검증 필요","기존 영토·인구 원천값 없음. 동일 곡선 259개 영토에 반복","0","40","0","-2700","1,000,000","","",""
"69cdf986a0643be3b024c0d9","Xuzhou","쉬저우시","city","기존값 유지","기존 연결값 유지. 새로 채운 12개 연도값은 근거 미확인","28","12","0","-2700","5,727,273","","기존 호구·인구 자료 연결",""
"69cdfd02a0643be3b024c0e9","Puyang","쭈양시","city","기존값 유지","기존 연결값 유지. 새로 채운 12개 연도값은 근거 미확인","28","12","0","-2700","2,481,818","","기존 호구·인구 자료 연결",""
"69cdfd28a0643be3b024c0ea","Hebi","허비시","city","재검증 필요","기존 영토·인구 원천값 없음. 동일 곡선 259개 영토에 반복","0","40","0","-2700","1,000,000","","",""
"69cdfd40a0643be3b024c0eb","Jiaozuo","자오쭤시","city","재검증 필요","기존 영토·인구 원천값 없음. 동일 곡선 259개 영토에 반복","0","40","0","-2700","1,000,000","","",""
"69cdfd78a0643be3b024c0ec","Shangluo","상뤄시","city","재검증 필요","기존 영토·인구 원천값 없음. 동일 곡선 259개 영토에 반복","0","40","0","-2700","1,000,000","","",""
"69cdfdb5a0643be3b024c0ee","Tongchuan","퉁촨시","city","재검증 필요","기존 영토·인구 원천값 없음. 동일 곡선 259개 영토에 반복","0","40","0","-2700","1,000,000","","",""
"69cdfe39a0643be3b024c0f3","Gannan","간난티베트족자치주","city","재검증 필요","기존 영토·인구 원천값 없음. 동일 곡선 259개 영토에 반복","0","40","0","-2700","1,000,000","","",""
"69cdff2ea0643be3b024c0f7","Huangshi","황스시","city","재검증 필요","기존 영토·인구 원천값 없음. 동일 곡선 259개 영토에 반복","0","40","0","-2700","1,000,000","","",""
"69cdff62a0643be3b024c116","Xianning","셴닝시","city","재검증 필요","기존 영토·인구 원천값 없음. 동일 곡선 259개 영토에 반복","0","40","0","-2700","1,000,000","","",""
"69cdff96a0643be3b024c117","Xiaogan","샤오간시","city","재검증 필요","기존 영토·인구 원천값 없음. 동일 곡선 259개 영토에 반복","0","40","0","-2700","1,000,000","","",""
"69ce005aa0643be3b024c119","Mudanjiang City","무단장시","city","기존값 유지","기존 연결값 유지. 새로 채운 17개 연도값은 근거 미확인","23","17","0","-2700","1,654,545","","기존 호구·인구 자료 연결",""
"69ce008ca0643be3b024c11b","Heilongjiang","헤이룽장성","province","재검증 필요","기존 영토·인구 원천값 없음. 동일 곡선 189개 영토에 반복","0","40","0","-2700","3,000,000","","",""
"69ce00e0a0643be3b024c11d","Suihua City","쑤이화시","city","재검증 필요","기존 영토·인구 원천값 없음. 동일 곡선 259개 영토에 반복","0","40","0","-2700","1,000,000","","",""
"69ce0154a0643be3b024c121","Changji","창지후이족자치주","","기존값 유지","기존 연결값 유지. 새로 채운 14개 연도값은 근거 미확인","26","14","0","-2700","2,227,273","","기존 호구·인구 자료 연결",""
"69ce024da0643be3b024c129","Ili","이리카자흐자치주","city","재검증 필요","기존 영토·인구 원천값 없음. 동일 곡선 259개 영토에 반복","0","40","0","-2700","1,000,000","","",""
"69ce02e6a0643be3b024c12f","Georgia","조지아","province","재검증 필요","기존 영토·인구 원천값 없음. 동일 곡선 189개 영토에 반복","0","40","0","-2700","3,000,000","","",""
"69ce0329a0643be3b024c130","Azerbaijan","아제르바이잔","province","재검증 필요","기존 영토·인구 원천값 없음. 동일 곡선 189개 영토에 반복","0","40","0","-2700","3,000,000","","",""
"69ce0362a0643be3b024c131","Armenia","아르메니아","province","재검증 필요","기존 영토·인구 원천값 없음. 동일 곡선 189개 영토에 반복","0","40","0","-2700","3,000,000","","",""
"69ce0397a0643be3b024c132","North Caucasian Federal District","Северо-Кавказский федеральный округ","province","재검증 필요","기존 영토·인구 원천값 없음. 동일 곡선 189개 영토에 반복","0","40","0","-2700","3,000,000","","",""
"69ce03f5a0643be3b024c133","Moldova","몰도바","province","재검증 필요","기존 영토·인구 원천값 없음. 동일 곡선 189개 영토에 반복","0","40","0","-2700","3,000,000","","",""
"69ce0ad2a0643be3b024c14f","Changchun City","창춘시","city","기존값 유지","기존 연결값 유지. 새로 채운 17개 연도값은 근거 미확인","23","17","0","-2700","5,727,273","","기존 호구·인구 자료 연결",""
"69ce1590a0643be3b024c170","Xinjiang","신장위구르자치구","province","기존값 유지","기존 연결값 유지. 새로 채운 12개 연도값은 근거 미확인","28","12","0","-2700","445,455","","기존 호구·인구 자료 연결",""
"69ce186ca0643be3b024c177","Baishan City","바이산시","city","재검증 필요","기존 영토·인구 원천값 없음. 동일 곡선 259개 영토에 반복","0","40","0","-2700","1,000,000","","",""
"69ce18c2a0643be3b024c17b","Baicheng City","바이청시","city","재검증 필요","기존 영토·인구 원천값 없음. 동일 곡선 259개 영토에 반복","0","40","0","-2700","1,000,000","","",""
"69ce1903a0643be3b024c17d","Songyuan City","쑹위안시","city","재검증 필요","기존 영토·인구 원천값 없음. 동일 곡선 259개 영토에 반복","0","40","0","-2700","1,000,000","","",""
"69d102548e7a44b79c89f1c6","Jetisu Region","Жетісу облысы","city","재검증 필요","기존 영토·인구 원천값 없음. 동일 곡선 259개 영토에 반복","0","40","0","-2700","1,000,000","","",""
"69d4b12f05ecedd96b1a90a7","Zabaykalsky Krai","Забайкальский край","province","재검증 필요","기존 영토·인구 원천값 없음. 동일 곡선 189개 영토에 반복","0","40","0","-2700","3,000,000","","",""
"69f57026ba134dee59f213a9","Lebanon","레바논","province","재검증 필요","기존 영토·인구 원천값 없음. 동일 곡선 189개 영토에 반복","0","40","0","-2700","3,000,000","","",""
"69f57026ba134dee59f213aa","Morocco","모로코","province","재검증 필요","기존 영토·인구 원천값 없음. 동일 곡선 189개 영토에 반복","0","40","0","-2700","3,000,000","","",""
"69f57026ba134dee59f213ab","Belarus","벨라루스","province","재검증 필요","기존 영토·인구 원천값 없음. 동일 곡선 189개 영토에 반복","0","40","0","-2700","3,000,000","","",""
"69f57026ba134dee59f213ac","Oman","오만","province","재검증 필요","기존 영토·인구 원천값 없음. 동일 곡선 189개 영토에 반복","0","40","0","-2700","3,000,000","","",""
"69f57026ba134dee59f213ad","Lithuania","리투아니아","province","재검증 필요","기존 영토·인구 원천값 없음. 동일 곡선 189개 영토에 반복","0","40","0","-2700","3,000,000","","",""
"69f57026ba134dee59f213ae","Estonia","에스토니아","province","재검증 필요","기존 영토·인구 원천값 없음. 동일 곡선 189개 영토에 반복","0","40","0","-2700","3,000,000","","",""
"69f57026ba134dee59f213af","Latvia","라트비아","province","재검증 필요","기존 영토·인구 원천값 없음. 동일 곡선 189개 영토에 반복","0","40","0","-2700","3,000,000","","",""
"69f57026ba134dee59f213b0","Norway","노르웨이","province","재검증 필요","기존 영토·인구 원천값 없음. 동일 곡선 189개 영토에 반복","0","40","0","-2700","3,000,000","","",""
"69f57026ba134dee59f213b1","Sweden","스웨덴","province","재검증 필요","기존 영토·인구 원천값 없음. 동일 곡선 189개 영토에 반복","0","40","0","-2700","3,000,000","","",""
"69f57026ba134dee59f213b2","Finland","핀란드","province","재검증 필요","기존 영토·인구 원천값 없음. 동일 곡선 189개 영토에 반복","0","40","0","-2700","3,000,000","","",""
"69f57026ba134dee59f213b3","Belgium","벨기에","province","재검증 필요","기존 영토·인구 원천값 없음. 동일 곡선 189개 영토에 반복","0","40","0","-2700","3,000,000","","",""
"69f57026ba134dee59f213b4","Albania","알바니아","province","재검증 필요","기존 영토·인구 원천값 없음. 동일 곡선 189개 영토에 반복","0","40","0","-2700","3,000,000","","",""
"69f57026ba134dee59f213b5","Kosovo","코소보","province","재검증 필요","기존 영토·인구 원천값 없음. 동일 곡선 189개 영토에 반복","0","40","0","-2700","3,000,000","","",""
"69f57026ba134dee59f213b6","Spain","스페인","province","재검증 필요","기존 영토·인구 원천값 없음. 동일 곡선 189개 영토에 반복","0","40","0","-2700","3,000,000","","",""
"69f57026ba134dee59f213b7","Denmark","덴마크","province","재검증 필요","기존 영토·인구 원천값 없음. 동일 곡선 189개 영토에 반복","0","40","0","-2700","3,000,000","","",""
"69f57026ba134dee59f213b8","Libya","리비아","province","재검증 필요","기존 영토·인구 원천값 없음. 동일 곡선 189개 영토에 반복","0","40","0","-2700","3,000,000","","",""
"69f57026ba134dee59f213b9","Tunisia","튀니지","province","재검증 필요","기존 영토·인구 원천값 없음. 동일 곡선 189개 영토에 반복","0","40","0","-2700","3,000,000","","",""
"69f57026ba134dee59f213ba","Slovakia","슬로바키아","province","재검증 필요","기존 영토·인구 원천값 없음. 동일 곡선 189개 영토에 반복","0","40","0","-2700","3,000,000","","",""
"69f57026ba134dee59f213bb","Poland","폴란드","province","재검증 필요","기존 영토·인구 원천값 없음. 동일 곡선 189개 영토에 반복","0","40","0","-2700","3,000,000","","",""
"69f57026ba134dee59f213bc","Greece","그리스","province","재검증 필요","기존 영토·인구 원천값 없음. 동일 곡선 189개 영토에 반복","0","40","0","-2700","3,000,000","","",""
"69f57026ba134dee59f213bd","Netherlands","네덜란드","province","재검증 필요","기존 영토·인구 원천값 없음. 동일 곡선 189개 영토에 반복","0","40","0","-2700","3,000,000","","",""
"69f57026ba134dee59f213be","Croatia","크로아티아","province","재검증 필요","기존 영토·인구 원천값 없음. 동일 곡선 189개 영토에 반복","0","40","0","-2700","3,000,000","","",""
"69f57026ba134dee59f213bf","Slovenia","슬로베니아","province","재검증 필요","기존 영토·인구 원천값 없음. 동일 곡선 189개 영토에 반복","0","40","0","-2700","3,000,000","","",""
"69f57026ba134dee59f213c0","Qatar","카타르","province","재검증 필요","기존 영토·인구 원천값 없음. 동일 곡선 189개 영토에 반복","0","40","0","-2700","3,000,000","","",""
"69f57026ba134dee59f213c1","Saudi Arabia","사우디아라비아","province","재검증 필요","기존 영토·인구 원천값 없음. 동일 곡선 189개 영토에 반복","0","40","0","-2700","3,000,000","","",""
"69f57026ba134dee59f213c2","Kuwait","쿠웨이트","province","재검증 필요","기존 영토·인구 원천값 없음. 동일 곡선 189개 영토에 반복","0","40","0","-2700","3,000,000","","",""
"69f57026ba134dee59f213c3","Algeria","알제리","province","재검증 필요","기존 영토·인구 원천값 없음. 동일 곡선 189개 영토에 반복","0","40","0","-2700","3,000,000","","",""
"69f57026ba134dee59f213c4","Montenegro","몬테네그로","province","재검증 필요","기존 영토·인구 원천값 없음. 동일 곡선 189개 영토에 반복","0","40","0","-2700","3,000,000","","",""
"69f57026ba134dee59f213c5","Bosnia and Herzegovina","보스니아 헤르체고비나","province","재검증 필요","기존 영토·인구 원천값 없음. 동일 곡선 189개 영토에 반복","0","40","0","-2700","3,000,000","","",""
"69f57026ba134dee59f213c6","Portugal","포르투갈","province","재검증 필요","기존 영토·인구 원천값 없음. 동일 곡선 189개 영토에 반복","0","40","0","-2700","3,000,000","","",""
"69f57026ba134dee59f213c7","Jordan","요르단","province","재검증 필요","기존 영토·인구 원천값 없음. 동일 곡선 189개 영토에 반복","0","40","0","-2700","3,000,000","","",""
"69f57026ba134dee59f213c8","Egypt","이집트","province","재검증 필요","기존 영토·인구 원천값 없음. 동일 곡선 189개 영토에 반복","0","40","0","-2700","3,000,000","","",""
"69f57026ba134dee59f213c9","Yemen","예멘","province","재검증 필요","기존 영토·인구 원천값 없음. 동일 곡선 189개 영토에 반복","0","40","0","-2700","3,000,000","","",""
"69f57026ba134dee59f213ca","Bahrain","바레인","province","재검증 필요","기존 영토·인구 원천값 없음. 동일 곡선 189개 영토에 반복","0","40","0","-2700","3,000,000","","",""
"69f570bd4093bc5c57db7d85","United Arab Emirates","아랍에미리트","province","재검증 필요","기존 영토·인구 원천값 없음. 동일 곡선 189개 영토에 반복","0","40","0","-2700","3,000,000","","",""
"6a11cd744458d78f5ed1dc2d","Changde","창더시","","기존값 유지","기존 연결값 유지. 새로 채운 12개 연도값은 근거 미확인","28","12","0","-2700","3,690,909","","기존 호구·인구 자료 연결",""
"6a11cda14458d78f5ed1dc2e","Zhangjiajie","장자제시","","재검증 필요","기존 영토·인구 원천값 없음. 동일 곡선 259개 영토에 반복","0","40","0","-2700","1,000,000","","",""
"6a11cf174458d78f5ed1dc2f","Huaihua","화이화시","","재검증 필요","기존 영토·인구 원천값 없음. 동일 곡선 259개 영토에 반복","0","40","0","-2700","1,000,000","","",""
"6a11cf434458d78f5ed1dc30","Shaoyang","사오양시","","재검증 필요","기존 영토·인구 원천값 없음. 동일 곡선 259개 영토에 반복","0","40","0","-2700","1,000,000","","",""
"6a124970072e3697c6dc8df3","Jiujiang","주장시","city","재검증 필요","기존 영토·인구 원천값 없음. 동일 곡선 259개 영토에 반복","0","40","0","-2700","1,000,000","","",""
"6a129e89072e3697c6dc8df5","Yiyang","이양시","city","재검증 필요","기존 영토·인구 원천값 없음. 동일 곡선 259개 영토에 반복","0","40","0","-2700","1,000,000","","",""
"6a13d74dcf327c7e1f241a39","Tianmen","톈먼시","city","재검증 필요","기존 영토·인구 원천값 없음. 동일 곡선 259개 영토에 반복","0","40","0","-2700","1,000,000","","",""
"6a13d813cf327c7e1f241a3a","Ezhou","어저우시","city","재검증 필요","기존 영토·인구 원천값 없음. 동일 곡선 259개 영토에 반복","0","40","0","-2700","1,000,000","","",""
"6a13d8bbcf327c7e1f241a3b","Hubei","후베이성","province","재검증 필요","기존 영토·인구 원천값 없음. 동일 곡선 189개 영토에 반복","0","40","0","-2700","3,000,000","","",""
"6a3fbc2b5f1d9c3da223d8a1","Taizhou","타이저우시","city","재검증 필요","기존 영토·인구 원천값 없음. 동일 곡선 259개 영토에 반복","0","40","0","-2700","1,000,000","","",""
"6a3fbcb25f1d9c3da223d8a2","Xuancheng","쉬안청시","","재검증 필요","기존 영토·인구 원천값 없음. 동일 곡선 259개 영토에 반복","0","40","0","-2700","1,000,000","","",""
"6a3fbd375f1d9c3da223d8a3","Suzhou","쑤저우시","city","원본 행 복원","채운 CSV에서 빠진 영토. 기존 값을 유지","0","0","0","","","","",""
"6a9aded4730001972e41c3a2","Xiong'an New Area","슝안신구","","재검증 필요","기존 영토·인구 원천값 없음. 동일 곡선 259개 영토에 반복","0","40","0","-2700","1,000,000","","",""
"6a9adfb6730001972e41c3a3","Liaoyang City","랴오양시","","재검증 필요","기존 영토·인구 원천값 없음. 동일 곡선 259개 영토에 반복","0","40","0","-2700","1,000,000","","",""
"6a9ae093730001972e41c3a6","Fushun City","푸순시","","재검증 필요","기존 영토·인구 원천값 없음. 동일 곡선 259개 영토에 반복","0","40","0","-2700","1,000,000","","",""
"6a9b3b263c16528540b43889","Chaohu","巢湖市","city","재검증 필요","기존 영토·인구 원천값 없음. 동일 곡선 259개 영토에 반복","0","40","0","-2700","1,000,000","","",""
"6a9b3b263c16528540b4388a","Chizhou","池州市","city","재검증 필요","기존 영토·인구 원천값 없음. 동일 곡선 259개 영토에 반복","0","40","0","-2700","1,000,000","","",""
"6a9b3b263c16528540b4388b","Tongling","铜陵市","city","재검증 필요","기존 영토·인구 원천값 없음. 동일 곡선 259개 영토에 반복","0","40","0","-2700","1,000,000","","",""
"6a9b3b263c16528540b4388c","Wuhu","芜湖市","city","기존값 유지","기존 연결값 유지. 새로 채운 14개 연도값은 근거 미확인","26","14","0","-2700","2,418,182","","기존 호구·인구 자료 연결",""
"6a9b3b263c16528540b4388d","Longyan","龙岩市","city","재검증 필요","기존 영토·인구 원천값 없음. 동일 곡선 259개 영토에 반복","0","40","0","-2700","1,000,000","","",""
"6a9b3b263c16528540b4388e","Ningde","宁德市","city","재검증 필요","기존 영토·인구 원천값 없음. 동일 곡선 259개 영토에 반복","0","40","0","-2700","1,000,000","","",""
"6a9b3b263c16528540b4388f","Putian","莆田市","city","재검증 필요","기존 영토·인구 원천값 없음. 동일 곡선 259개 영토에 반복","0","40","0","-2700","1,000,000","","",""
"6a9b3b263c16528540b43890","Quanzhou","泉州市","city","재검증 필요","기존 영토·인구 원천값 없음. 동일 곡선 259개 영토에 반복","0","40","0","-2700","1,000,000","","",""
"6a9b3b263c16528540b43891","Sanming","三明市","city","재검증 필요","기존 영토·인구 원천값 없음. 동일 곡선 259개 영토에 반복","0","40","0","-2700","1,000,000","","",""
"6a9b3b263c16528540b43892","Xiamen","厦门市","city","기존값 유지","기존 연결값 유지. 새로 채운 15개 연도값은 근거 미확인","25","15","0","-2700","3,309,091","","기존 호구·인구 자료 연결",""
"6a9b3b263c16528540b43893","Zhangzhou","漳州市","city","재검증 필요","기존 영토·인구 원천값 없음. 동일 곡선 259개 영토에 반복","0","40","0","-2700","1,000,000","","",""
"6a9b3b263c16528540b43897","Chaozhou","潮州市","city","재검증 필요","기존 영토·인구 원천값 없음. 동일 곡선 259개 영토에 반복","0","40","0","-2700","1,000,000","","",""
"6a9b3b263c16528540b43898","Dongguan","东莞市","city","기존값 유지","기존 연결값 유지. 새로 채운 15개 연도값은 근거 미확인","25","15","0","-2700","6,681,818","","기존 호구·인구 자료 연결",""
"6a9b3b263c16528540b43899","Foshan","佛山市","city","기존값 유지","기존 연결값 유지. 새로 채운 15개 연도값은 근거 미확인","25","15","0","-2700","6,045,455","","기존 호구·인구 자료 연결",""
"6a9b3b263c16528540b4389a","Guangzhou","广州市","city","기존값 유지","기존 연결값 유지. 새로 채운 12개 연도값은 근거 미확인","28","12","0","-2700","10,754,545","","기존 호구·인구 자료 연결",""
"6a9b3b263c16528540b4389b","Heyuan","河源市","city","재검증 필요","기존 영토·인구 원천값 없음. 동일 곡선 259개 영토에 반복","0","40","0","-2700","1,000,000","","",""
"6a9b3b263c16528540b4389c","Huizhou","惠州市","city","재검증 필요","기존 영토·인구 원천값 없음. 동일 곡선 259개 영토에 반복","0","40","0","-2700","1,000,000","","",""
"6a9b3b263c16528540b4389d","Jiangmen","江门市","city","재검증 필요","기존 영토·인구 원천값 없음. 동일 곡선 259개 영토에 반복","0","40","0","-2700","1,000,000","","",""
"6a9b3b263c16528540b4389e","Jieyang","揭阳市","city","재검증 필요","기존 영토·인구 원천값 없음. 동일 곡선 259개 영토에 반복","0","40","0","-2700","1,000,000","","",""
"6a9b3b263c16528540b4389f","Maoming","茂名市","city","재검증 필요","기존 영토·인구 원천값 없음. 동일 곡선 259개 영토에 반복","0","40","0","-2700","1,000,000","","",""
"6a9b3b263c16528540b438a0","Meizhou","梅州市","city","기존값 유지","기존 연결값 유지. 새로 채운 15개 연도값은 근거 미확인","25","15","0","-2700","2,481,818","","기존 호구·인구 자료 연결",""
"6a9b3b263c16528540b438a1","Qingyuan","清远市","city","재검증 필요","기존 영토·인구 원천값 없음. 동일 곡선 259개 영토에 반복","0","40","0","-2700","1,000,000","","",""
"6a9b3b263c16528540b438a2","Shantou","汕头市","city","기존값 유지","기존 연결값 유지. 새로 채운 15개 연도값은 근거 미확인","25","15","0","-2700","3,563,636","","기존 호구·인구 자료 연결",""
"6a9b3b263c16528540b438a3","Shanwei","汕尾市","city","재검증 필요","기존 영토·인구 원천값 없음. 동일 곡선 259개 영토에 반복","0","40","0","-2700","1,000,000","","",""
"6a9b3b263c16528540b438a4","Shenzhen","深圳市","city","기존값 유지","기존 연결값 유지. 새로 채운 21개 연도값은 근거 미확인","19","21","0","-2700","11,136,364","","기존 호구·인구 자료 연결",""
"6a9b3b263c16528540b438a5","Yangjiang","阳江市","city","재검증 필요","기존 영토·인구 원천값 없음. 동일 곡선 259개 영토에 반복","0","40","0","-2700","1,000,000","","",""
"6a9b3b263c16528540b438a6","Yunfu","云浮市","city","재검증 필요","기존 영토·인구 원천값 없음. 동일 곡선 259개 영토에 반복","0","40","0","-2700","1,000,000","","",""
"6a9b3b263c16528540b438a7","Zhanjiang","湛江市","city","기존값 유지","기존 연결값 유지. 새로 채운 14개 연도값은 근거 미확인","26","14","0","-2700","4,645,455","","기존 호구·인구 자료 연결",""
"6a9b3b263c16528540b438a8","Zhaoqing","肇庆市","city","재검증 필요","기존 영토·인구 원천값 없음. 동일 곡선 259개 영토에 반복","0","40","0","-2700","1,000,000","","",""
"6a9b3b263c16528540b438a9","Zhongshan","中山市","city","재검증 필요","기존 영토·인구 원천값 없음. 동일 곡선 259개 영토에 반복","0","40","0","-2700","1,000,000","","",""
"6a9b3b263c16528540b438aa","Zhuhai","珠海市","city","재검증 필요","기존 영토·인구 원천값 없음. 동일 곡선 259개 영토에 반복","0","40","0","-2700","1,000,000","","",""
"6a9b3b263c16528540b438ab","Baise","百色市","city","재검증 필요","기존 영토·인구 원천값 없음. 동일 곡선 259개 영토에 반복","0","40","0","-2700","1,000,000","","",""
"6a9b3b263c16528540b438ac","Beihai","北海市","city","재검증 필요","기존 영토·인구 원천값 없음. 동일 곡선 259개 영토에 반복","0","40","0","-2700","1,000,000","","",""
"6a9b3b263c16528540b438ad","Chongzuo","崇左市","city","재검증 필요","기존 영토·인구 원천값 없음. 동일 곡선 259개 영토에 반복","0","40","0","-2700","1,000,000","","",""
"6a9b3b263c16528540b438ae","Fangchenggang","防城港市","city","재검증 필요","기존 영토·인구 원천값 없음. 동일 곡선 259개 영토에 반복","0","40","0","-2700","1,000,000","","",""
"6a9b3b263c16528540b438af","Guigang","贵港市","city","재검증 필요","기존 영토·인구 원천값 없음. 동일 곡선 259개 영토에 반복","0","40","0","-2700","1,000,000","","",""
"6a9b3b263c16528540b438b0","Hechi","河池市","city","재검증 필요","기존 영토·인구 원천값 없음. 동일 곡선 259개 영토에 반복","0","40","0","-2700","1,000,000","","",""
"6a9b3b263c16528540b438b1","Hezhou","贺州市","city","재검증 필요","기존 영토·인구 원천값 없음. 동일 곡선 259개 영토에 반복","0","40","0","-2700","1,000,000","","",""
"6a9b3b263c16528540b438b2","Laibin","来宾市","city","재검증 필요","기존 영토·인구 원천값 없음. 동일 곡선 259개 영토에 반복","0","40","0","-2700","1,000,000","","",""
"6a9b3b263c16528540b438b3","Liuzhou","柳州市","city","기존값 유지","기존 연결값 유지. 새로 채운 14개 연도값은 근거 미확인","26","14","0","-2700","2,609,091","","기존 호구·인구 자료 연결",""
"6a9b3b263c16528540b438b4","Nanning","南宁市","city","기존값 유지","기존 연결값 유지. 새로 채운 14개 연도값은 근거 미확인","26","14","0","-2700","4,518,182","","기존 호구·인구 자료 연결",""
"6a9b3b263c16528540b438b5","Qinzhou","钦州市","city","재검증 필요","기존 영토·인구 원천값 없음. 동일 곡선 259개 영토에 반복","0","40","0","-2700","1,000,000","","",""
"6a9b3b263c16528540b438b6","Wuzhou","梧州市","city","재검증 필요","기존 영토·인구 원천값 없음. 동일 곡선 259개 영토에 반복","0","40","0","-2700","1,000,000","","",""
"6a9b3b263c16528540b438b7","Anshun","安顺市","city","재검증 필요","기존 영토·인구 원천값 없음. 동일 곡선 259개 영토에 반복","0","40","0","-2700","1,000,000","","",""
"6a9b3b263c16528540b438b8","Bijie","毕节地区","city","재검증 필요","기존 영토·인구 원천값 없음. 동일 곡선 259개 영토에 반복","0","40","0","-2700","1,000,000","","",""
"6a9b3b263c16528540b438ba","Liupanshui","六盘水市","city","재검증 필요","기존 영토·인구 원천값 없음. 동일 곡선 259개 영토에 반복","0","40","0","-2700","1,000,000","","",""
"6a9b3b263c16528540b438bb","QiandongnanMiaoandDong","黔东南苗族侗族自治州","city","재검증 필요","기존 영토·인구 원천값 없음. 동일 곡선 259개 영토에 반복","0","40","0","-2700","1,000,000","","",""
"6a9b3b263c16528540b438bc","QiannanBuyeiandMiao","黔南布依族苗族自治州","city","재검증 필요","기존 영토·인구 원천값 없음. 동일 곡선 259개 영토에 반복","0","40","0","-2700","1,000,000","","",""
"6a9b3b263c16528540b438bd","QianxinanBuyeiandMiao","黔西南布依族苗族自治州","city","재검증 필요","기존 영토·인구 원천값 없음. 동일 곡선 259개 영토에 반복","0","40","0","-2700","1,000,000","","",""
"6a9b3b263c16528540b438be","Tongren","铜仁地区","city","재검증 필요","기존 영토·인구 원천값 없음. 동일 곡선 259개 영토에 반복","0","40","0","-2700","1,000,000","","",""
"6a9b3b263c16528540b438bf","Zunyi","遵义市","city","재검증 필요","기존 영토·인구 원천값 없음. 동일 곡선 259개 영토에 반복","0","40","0","-2700","1,000,000","","",""
"6a9b3b263c16528540b438c0","Haikou","海口市","city","기존값 유지","기존 연결값 유지. 새로 채운 14개 연도값은 근거 미확인","26","14","0","-2700","1,845,455","","기존 호구·인구 자료 연결",""
"6a9b3b263c16528540b438c1","Sanya","三亚市","city","재검증 필요","기존 영토·인구 원천값 없음. 동일 곡선 259개 영토에 반복","0","40","0","-2700","1,000,000","","",""
"6a9b3b263c16528540b438c2","Hegang","鹤岗市","city","재검증 필요","기존 영토·인구 원천값 없음. 동일 곡선 259개 영토에 반복","0","40","0","-2700","1,000,000","","",""
"6a9b3b263c16528540b438c3","Qitaihe","七台河市","city","재검증 필요","기존 영토·인구 원천값 없음. 동일 곡선 259개 영토에 반복","0","40","0","-2700","1,000,000","","",""
"6a9b3b263c16528540b438c5","CentralandWestern","NA","city","재검증 필요","기존 영토·인구 원천값 없음. 동일 곡선 259개 영토에 반복","0","40","0","-2700","1,000,000","","",""
"6a9b3b263c16528540b438c7","Qianjiang","潜江市","city","재검증 필요","기존 영토·인구 원천값 없음. 동일 곡선 259개 영토에 반복","0","40","0","-2700","1,000,000","","",""
"6a9b3b263c16528540b438c8","Shennongjia","神农架林区","city","재검증 필요","기존 영토·인구 원천값 없음. 동일 곡선 259개 영토에 반복","0","40","0","-2700","1,000,000","","",""
"6a9b3b263c16528540b438cb","Xiantao","仙桃市","city","재검증 필요","기존 영토·인구 원천값 없음. 동일 곡선 259개 영토에 반복","0","40","0","-2700","1,000,000","","",""
"6a9b3b263c16528540b438cc","Chenzhou","郴州市","city","재검증 필요","기존 영토·인구 원천값 없음. 동일 곡선 259개 영토에 반복","0","40","0","-2700","1,000,000","","",""
"6a9b3b263c16528540b438cd","Loudi","娄底市","city","재검증 필요","기존 영토·인구 원천값 없음. 동일 곡선 259개 영토에 반복","0","40","0","-2700","1,000,000","","",""
"6a9b3b263c16528540b438ce","Xiangtan","湘潭市","city","재검증 필요","기존 영토·인구 원천값 없음. 동일 곡선 259개 영토에 반복","0","40","0","-2700","1,000,000","","",""
"6a9b3b263c16528540b438cf","XiangxiTujiaandMiao","湘西土家族苗族自治州","city","재검증 필요","기존 영토·인구 원천값 없음. 동일 곡선 259개 영토에 반복","0","40","0","-2700","1,000,000","","",""
"6a9b3b263c16528540b438d0","Zhuzhou","株洲市","city","기존값 유지","기존 연결값 유지. 새로 채운 15개 연도값은 근거 미확인","25","15","0","-2700","2,481,818","","기존 호구·인구 자료 연결",""
"6a9b3b263c16528540b438d1","Wuxi","无锡市","city","기존값 유지","기존 연결값 유지. 새로 채운 12개 연도값은 근거 미확인","28","12","0","-2700","4,709,091","","기존 호구·인구 자료 연결",""
"6a9b3b263c16528540b438d2","Ganzhou","赣州市","city","기존값 유지","기존 연결값 유지. 새로 채운 14개 연도값은 근거 미확인","26","14","0","-2700","6,236,364","","기존 호구·인구 자료 연결",""
"6a9b3b263c16528540b438d3","Ji'an","吉安市","city","기존값 유지","기존 연결값 유지. 새로 채운 14개 연도값은 근거 미확인","26","14","0","-2700","3,054,545","","기존 호구·인구 자료 연결",""
"6a9b3b263c16528540b438d4","Pingxiang","萍乡市","city","재검증 필요","기존 영토·인구 원천값 없음. 동일 곡선 259개 영토에 반복","0","40","0","-2700","1,000,000","","",""
"6a9b3b263c16528540b438d5","Shangrao","上饶市","city","재검증 필요","기존 영토·인구 원천값 없음. 동일 곡선 259개 영토에 반복","0","40","0","-2700","1,000,000","","",""
"6a9b3b263c16528540b438d6","Xinyu","新余市","city","재검증 필요","기존 영토·인구 원천값 없음. 동일 곡선 259개 영토에 반복","0","40","0","-2700","1,000,000","","",""
"6a9b3b263c16528540b438d7","Yingtan","鹰潭市","city","재검증 필요","기존 영토·인구 원천값 없음. 동일 곡선 259개 영토에 반복","0","40","0","-2700","1,000,000","","",""
"6a9b3b263c16528540b438d8","Liaoyuan","辽源市","city","재검증 필요","기존 영토·인구 원천값 없음. 동일 곡선 259개 영토에 반복","0","40","0","-2700","1,000,000","","",""
"6a9b3b263c16528540b438d9","Siping","四平市","city","재검증 필요","기존 영토·인구 원천값 없음. 동일 곡선 259개 영토에 반복","0","40","0","-2700","1,000,000","","",""
"6a9b3b263c16528540b438db","Fuxin","阜新市","city","재검증 필요","기존 영토·인구 원천값 없음. 동일 곡선 259개 영토에 반복","0","40","0","-2700","1,000,000","","",""
"6a9b3b263c16528540b438dc","Tieling","铁岭市","city","재검증 필요","기존 영토·인구 원천값 없음. 동일 곡선 259개 영토에 반복","0","40","0","-2700","1,000,000","","",""
"6a9b3b263c16528540b438e0","Wuhai","乌海市","city","재검증 필요","기존 영토·인구 원천값 없음. 동일 곡선 259개 영토에 반복","0","40","0","-2700","1,000,000","","",""
"6a9b3b263c16528540b438e3","Guyuan","固原市","city","재검증 필요","기존 영토·인구 원천값 없음. 동일 곡선 259개 영토에 반복","0","40","0","-2700","1,000,000","","",""
"6a9b3b263c16528540b438e4","Shizuishan","石嘴山市","city","재검증 필요","기존 영토·인구 원천값 없음. 동일 곡선 259개 영토에 반복","0","40","0","-2700","1,000,000","","",""
"6a9b3b263c16528540b438e5","Wuzhong","吴忠市","city","재검증 필요","기존 영토·인구 원천값 없음. 동일 곡선 259개 영토에 반복","0","40","0","-2700","1,000,000","","",""
"6a9b3b263c16528540b438e6","Yinchuan","银川市","city","기존값 유지","기존 연결값 유지. 새로 채운 14개 연도값은 근거 미확인","26","14","0","-2700","1,820,000","","기존 호구·인구 자료 연결",""
"6a9b3b263c16528540b438e7","Zhongwei","中卫市","city","재검증 필요","기존 영토·인구 원천값 없음. 동일 곡선 259개 영토에 반복","0","40","0","-2700","1,000,000","","",""
"6a9b3b263c16528540b438e8","GologTibetan","果洛藏族自治州","city","재검증 필요","기존 영토·인구 원천값 없음. 동일 곡선 259개 영토에 반복","0","40","0","-2700","1,000,000","","",""
"6a9b3b263c16528540b438e9","GyêguTibetan","玉树藏族自治州","city","재검증 필요","기존 영토·인구 원천값 없음. 동일 곡선 259개 영토에 반복","0","40","0","-2700","1,000,000","","",""
"6a9b3b263c16528540b438ea","HaibeiTibetan","海北藏族自治州","city","재검증 필요","기존 영토·인구 원천값 없음. 동일 곡선 259개 영토에 반복","0","40","0","-2700","1,000,000","","",""
"6a9b3b263c16528540b438eb","HainanTibetan","海南藏族自治州","city","재검증 필요","기존 영토·인구 원천값 없음. 동일 곡선 259개 영토에 반복","0","40","0","-2700","1,000,000","","",""
"6a9b3b263c16528540b438ec","HaixiMongolandTibetan","海西蒙古族藏族自治州","city","재검증 필요","기존 영토·인구 원천값 없음. 동일 곡선 259개 영토에 반복","0","40","0","-2700","1,000,000","","",""
"6a9b3b263c16528540b438ed","HuangnanTibetan","黄南藏族自治州","city","재검증 필요","기존 영토·인구 원천값 없음. 동일 곡선 259개 영토에 반복","0","40","0","-2700","1,000,000","","",""
"6a9b3b263c16528540b438ee","Laiwu","莱芜市","city","재검증 필요","기존 영토·인구 원천값 없음. 동일 곡선 259개 영토에 반복","0","40","0","-2700","1,000,000","","",""
"6a9b3b263c16528540b438f0","Bazhong","巴中市","city","재검증 필요","기존 영토·인구 원천값 없음. 동일 곡선 259개 영토에 반복","0","40","0","-2700","1,000,000","","",""
"6a9b3b263c16528540b438f1","Chengdu","成都市","city","기존값 유지","기존 연결값 유지. 새로 채운 12개 연도값은 근거 미확인","28","12","0","-2700","13,300,000","","기존 호구·인구 자료 연결",""
"6a9b3b263c16528540b438f2","Dazhou","达州市","city","기존값 유지","기존 연결값 유지. 새로 채운 14개 연도값은 근거 미확인","26","14","0","-2700","3,500,000","","기존 호구·인구 자료 연결",""
"6a9b3b263c16528540b438f3","Deyang","德阳市","city","재검증 필요","기존 영토·인구 원천값 없음. 동일 곡선 259개 영토에 반복","0","40","0","-2700","1,000,000","","",""
"6a9b3b263c16528540b438f4","GarzêTibetan","甘孜藏族自治州","city","재검증 필요","기존 영토·인구 원천값 없음. 동일 곡선 259개 영토에 반복","0","40","0","-2700","1,000,000","","",""
"6a9b3b263c16528540b438f5","Guang'an","广安市","city","재검증 필요","기존 영토·인구 원천값 없음. 동일 곡선 259개 영토에 반복","0","40","0","-2700","1,000,000","","",""
"6a9b3b263c16528540b438f6","Guangyuan","广元市","city","재검증 필요","기존 영토·인구 원천값 없음. 동일 곡선 259개 영토에 반복","0","40","0","-2700","1,000,000","","",""
"6a9b3b263c16528540b438f7","LiangshanYi","凉山彝族自治州","city","재검증 필요","기존 영토·인구 원천값 없음. 동일 곡선 259개 영토에 반복","0","40","0","-2700","1,000,000","","",""
"6a9b3b263c16528540b438f8","Luzhou","泸州市","city","기존값 유지","기존 연결값 유지. 새로 채운 12개 연도값은 근거 미확인","28","12","0","-2700","3,245,455","","기존 호구·인구 자료 연결",""
"6a9b3b263c16528540b438f9","Meishan","眉山市","city","재검증 필요","기존 영토·인구 원천값 없음. 동일 곡선 259개 영토에 반복","0","40","0","-2700","1,000,000","","",""
"6a9b3b263c16528540b438fa","Mianyang","绵阳市","city","기존값 유지","기존 연결값 유지. 새로 채운 12개 연도값은 근거 미확인","28","12","0","-2700","3,436,364","","기존 호구·인구 자료 연결",""
"6a9b3b263c16528540b438fb","Nanchong","南充市","city","기존값 유지","기존 연결값 유지. 새로 채운 12개 연도값은 근거 미확인","28","12","0","-2700","4,009,091","","기존 호구·인구 자료 연결",""
"6a9b3b263c16528540b438fc","Neijiang","内江市","city","재검증 필요","기존 영토·인구 원천값 없음. 동일 곡선 259개 영토에 반복","0","40","0","-2700","1,000,000","","",""
"6a9b3b263c16528540b438fd","Panzhihua","攀枝花市","city","재검증 필요","기존 영토·인구 원천값 없음. 동일 곡선 259개 영토에 반복","0","40","0","-2700","1,000,000","","",""
"6a9b3b263c16528540b438fe","Ya'an","雅安市","city","재검증 필요","기존 영토·인구 원천값 없음. 동일 곡선 259개 영토에 반복","0","40","0","-2700","1,000,000","","",""
"6a9b3b263c16528540b438ff","Yibin","宜宾市","city","기존값 유지","기존 연결값 유지. 새로 채운 12개 연도값은 근거 미확인","28","12","0","-2700","3,500,000","","기존 호구·인구 자료 연결",""
"6a9b3b263c16528540b43900","Zigong","自贡市","city","재검증 필요","기존 영토·인구 원천값 없음. 동일 곡선 259개 영토에 반복","0","40","0","-2700","1,000,000","","",""
"6a9b3b263c16528540b43901","Ziyang","资阳市","city","재검증 필요","기존 영토·인구 원천값 없음. 동일 곡선 259개 영토에 반복","0","40","0","-2700","1,000,000","","",""
"6a9b3b263c16528540b43903","BörtalaMongol","博尔塔拉蒙古自治州","city","재검증 필요","기존 영토·인구 원천값 없음. 동일 곡선 259개 영토에 반복","0","40","0","-2700","1,000,000","","",""
"6a9b3b263c16528540b43909","Shihezi","石河子市","city","재검증 필요","기존 영토·인구 원천값 없음. 동일 곡선 259개 영토에 반복","0","40","0","-2700","1,000,000","","",""
"6a9b3b263c16528540b4390c","Lhasa","拉萨市","city","재검증 필요","기존 영토·인구 원천값 없음. 동일 곡선 259개 영토에 반복","0","40","0","-2700","1,000,000","","",""
"6a9b3b263c16528540b4390d","Nagchu","那曲地区","city","재검증 필요","기존 영토·인구 원천값 없음. 동일 곡선 259개 영토에 반복","0","40","0","-2700","1,000,000","","",""
"6a9b3b263c16528540b4390e","Ngari","阿里地区","city","재검증 필요","기존 영토·인구 원천값 없음. 동일 곡선 259개 영토에 반복","0","40","0","-2700","1,000,000","","",""
"6a9b3b263c16528540b4390f","Nyingtri","林芝地区","city","재검증 필요","기존 영토·인구 원천값 없음. 동일 곡선 259개 영토에 반복","0","40","0","-2700","1,000,000","","",""
"6a9b3b263c16528540b43910","Shannan","山南地区","city","재검증 필요","기존 영토·인구 원천값 없음. 동일 곡선 259개 영토에 반복","0","40","0","-2700","1,000,000","","",""
"6a9b3b263c16528540b43911","Shigatse","日喀则地区","city","재검증 필요","기존 영토·인구 원천값 없음. 동일 곡선 259개 영토에 반복","0","40","0","-2700","1,000,000","","",""
"6a9b3b263c16528540b43912","Baoshan","保山市","city","재검증 필요","기존 영토·인구 원천값 없음. 동일 곡선 259개 영토에 반복","0","40","0","-2700","1,000,000","","",""
"6a9b3b263c16528540b43913","ChuxiongYi","楚雄彝族自治州","city","재검증 필요","기존 영토·인구 원천값 없음. 동일 곡선 259개 영토에 반복","0","40","0","-2700","1,000,000","","",""
"6a9b3b263c16528540b43914","DaliBai","大理白族自治州","city","기존값 유지","기존 연결값 유지. 새로 채운 14개 연도값은 근거 미확인","26","14","0","-2700","2,354,545","","기존 호구·인구 자료 연결",""
"6a9b3b263c16528540b43915","DehongDaiandJingpo","德宏傣族景颇族自治州","city","재검증 필요","기존 영토·인구 원천값 없음. 동일 곡선 259개 영토에 반복","0","40","0","-2700","1,000,000","","",""
"6a9b3b263c16528540b43916","DêqênTibetan","迪庆藏族自治州","city","재검증 필요","기존 영토·인구 원천값 없음. 동일 곡선 259개 영토에 반복","0","40","0","-2700","1,000,000","","",""
"6a9b3b263c16528540b43917","HongheHaniandYi","红河哈尼族彝族自治州","city","재검증 필요","기존 영토·인구 원천값 없음. 동일 곡선 259개 영토에 반복","0","40","0","-2700","1,000,000","","",""
"6a9b3b263c16528540b43918","Kunming","昆明市","city","기존값 유지","기존 연결값 유지. 새로 채운 14개 연도값은 근거 미확인","26","14","0","-2700","5,600,000","","기존 호구·인구 자료 연결",""
"6a9b3b263c16528540b43919","Lijiang","丽江市","city","재검증 필요","기존 영토·인구 원천값 없음. 동일 곡선 259개 영토에 반복","0","40","0","-2700","1,000,000","","",""
"6a9b3b263c16528540b4391a","Lincang","临沧市","city","재검증 필요","기존 영토·인구 원천값 없음. 동일 곡선 259개 영토에 반복","0","40","0","-2700","1,000,000","","",""
"6a9b3b263c16528540b4391b","NujiangLisu","怒江傈僳族自治州","city","재검증 필요","기존 영토·인구 원천값 없음. 동일 곡선 259개 영토에 반복","0","40","0","-2700","1,000,000","","",""
"6a9b3b263c16528540b4391c","Pu'er","普洱市","city","재검증 필요","기존 영토·인구 원천값 없음. 동일 곡선 259개 영토에 반복","0","40","0","-2700","1,000,000","","",""
"6a9b3b263c16528540b4391d","Qujing","曲靖市","city","재검증 필요","기존 영토·인구 원천값 없음. 동일 곡선 259개 영토에 반복","0","40","0","-2700","1,000,000","","",""
"6a9b3b263c16528540b4391e","WenshanZhuangandMiao","文山壮族苗族自治州","city","재검증 필요","기존 영토·인구 원천값 없음. 동일 곡선 259개 영토에 반복","0","40","0","-2700","1,000,000","","",""
"6a9b3b263c16528540b4391f","XishuangbannaDai","西双版纳傣族自治州","city","재검증 필요","기존 영토·인구 원천값 없음. 동일 곡선 259개 영토에 반복","0","40","0","-2700","1,000,000","","",""
"6a9b3b263c16528540b43920","Yuxi","玉溪市","city","재검증 필요","기존 영토·인구 원천값 없음. 동일 곡선 259개 영토에 반복","0","40","0","-2700","1,000,000","","",""
"6a9b3b263c16528540b43921","Zhaotong","昭通市","city","재검증 필요","기존 영토·인구 원천값 없음. 동일 곡선 259개 영토에 반복","0","40","0","-2700","1,000,000","","",""
"6a9b3b263c16528540b43922","Jiaxing","嘉兴市","city","재검증 필요","기존 영토·인구 원천값 없음. 동일 곡선 259개 영토에 반복","0","40","0","-2700","1,000,000","","",""
"6a9b3b263c16528540b43923","Lishui","丽水市","city","재검증 필요","기존 영토·인구 원천값 없음. 동일 곡선 259개 영토에 반복","0","40","0","-2700","1,000,000","","",""
"6a9b3b263c16528540b43924","Quzhou","衢州市","city","재검증 필요","기존 영토·인구 원천값 없음. 동일 곡선 259개 영토에 반복","0","40","0","-2700","1,000,000","","",""
"6a9b3b263c16528540b43925","Zhoushan","舟山市","city","재검증 필요","기존 영토·인구 원천값 없음. 동일 곡선 259개 영토에 반복","0","40","0","-2700","1,000,000","","",""
"6a9b3b7ee38d6ae245e08316","Leshan","乐山市","city","재검증 필요","기존 영토·인구 원천값 없음. 동일 곡선 259개 영토에 반복","0","40","0","-2700","1,000,000","","",""
"6a9b3b7ee38d6ae245e08317","Chamdo","昌都地区","city","재검증 필요","기존 영토·인구 원천값 없음. 동일 곡선 259개 영토에 반복","0","40","0","-2700","1,000,000","","",""
"6a9b3b7ee38d6ae245e08318","Huzhou","湖州市","city","재검증 필요","기존 영토·인구 원천값 없음. 동일 곡선 259개 영토에 반복","0","40","0","-2700","1,000,000","","",""
"6a9b439933a01e46a8fb441e","Zongyang County","쭝양현","","재검증 필요","기존 영토·인구 원천값 없음. 동일 곡선 259개 영토에 반복","0","40","0","-2700","1,000,000","","",""
"6a9b440a33a01e46a8fb441f","Fuzhou City","푸저우시","","원본 행 복원","채운 CSV에서 빠진 영토. 기존 값을 유지","0","0","0","","","","",""
"6a9b444833a01e46a8fb4420","Yulin City","위린시","","재검증 필요","기존 영토·인구 원천값 없음. 동일 곡선 259개 영토에 반복","0","40","0","-2700","1,000,000","","",""
"6a9e6e3ab0dcfba3e87a21ef","Yanqing District","옌칭구","","재검증 필요","기존 영토·인구 원천값 없음. 동일 곡선 259개 영토에 반복","0","40","0","-2700","1,000,000","","",""
"6a9ea57b83078371ce6624c1","Chongqing","충칭시","","기존값 유지","기존 연결값 유지. 새로 채운 12개 연도값은 근거 미확인","28","12","0","-2700","6,363,636","","기존 호구·인구 자료 연결",""
"6a9fa2db1920e2ff945eb78b","Jilin","지린성","province","재검증 필요","기존 영토·인구 원천값 없음. 동일 곡선 189개 영토에 반복","0","40","0","-2700","3,000,000","","",""
"6a9fa39b1920e2ff945eb78c","Yanbian","연변조선족자치주","city","재검증 필요","기존 영토·인구 원천값 없음. 동일 곡선 259개 영토에 반복","0","40","0","-2700","1,000,000","","",""
"6a9fa4651920e2ff945eb78d","Guiyang","구이양시","","기존값 유지","기존 연결값 유지. 새로 채운 15개 연도값은 근거 미확인","25","15","0","-2700","3,181,818","","기존 호구·인구 자료 연결",""
"6aa278758e6c71dde7d73a26","Beijing2","베이징시2","","기존값 유지","기존 연결값 유지. 새로 채운 12개 연도값은 근거 미확인","28","12","0","-2700","13,809,091","","기존 호구·인구 자료 연결",""
"6aa27b438e6c71dde7d73a28","Langfang2","랑팡시2","","재검증 필요","기존 영토·인구 원천값 없음. 동일 곡선 259개 영토에 반복","0","40","0","-2700","1,000,000","","",""
"6aa27ef98e6c71dde7d73a29","Langfang2 (복사본)","랑팡시1","city","재검증 필요","기존 영토·인구 원천값 없음. 동일 곡선 259개 영토에 반복","0","40","0","-2700","1,000,000","","",""
"6aa281b28e6c71dde7d73a2a","Beijing2 (복사본)","베이징시3","city","원본 행 복원","채운 CSV에서 빠진 영토. 기존 값을 유지","0","0","0","","","","",""
"6aa2ac2e8e6c71dde7d73a2b","Chengde2","승덕시","","원본 행 복원","채운 CSV에서 빠진 영토. 기존 값을 유지","0","0","0","","","","",""
"6aa3521e8e6c71dde7d73a31","Hinggan League","싱안맹","","재검증 필요","기존 영토·인구 원천값 없음. 동일 곡선 259개 영토에 반복","0","40","0","-2700","1,000,000","","",""
"6aa353df8e6c71dde7d73a32","Shanghai (복사본)","","city","재검증 필요","기존 영토·인구 원천값 없음. 동일 곡선 259개 영토에 반복","0","40","0","-2700","1,000,000","","",""
